seed,n,acc_photo,acc_questionnaire,p_q_right_if_photo_wrong,p_q_right_if_photo_right,oracle_either_right,same_prediction
0,270,0.5481,0.4074,0.4344,0.3851,0.7444,0.3333
1,271,0.5756,0.5092,0.4435,0.5577,0.7638,0.5092
2,271,0.5609,0.5314,0.4958,0.5592,0.7786,0.4391
3,273,0.5678,0.4579,0.4237,0.4839,0.7509,0.4103
4,270,0.6000,0.4741,0.3889,0.5309,0.7556,0.4407
5,270,0.5444,0.5074,0.3740,0.6190,0.7148,0.5148
6,272,0.5368,0.4669,0.4048,0.5205,0.7243,0.4485
7,270,0.5259,0.4667,0.4297,0.5000,0.7296,0.4444
8,270,0.6037,0.5407,0.4953,0.5706,0.8000,0.4741
9,271,0.5756,0.4613,0.3652,0.5321,0.7306,0.4391
