seed,field,macro_f1_all,drop_when_hidden,macro_f1_only_this,answered_share
0,age_group,0.3415,-0.0192,0.1308,1.0000
0,body_area,0.3415,0.1008,0.2313,0.8000
0,symptoms,0.3415,0.0455,0.2297,0.7370
0,texture,0.3415,0.0447,0.1471,0.8074
0,duration,0.3415,0.0600,0.1114,0.8111
0,skin_type,0.3415,0.0034,0.1921,0.5074
0,(none: all hidden),0.3415,0.2229,0.1186,
1,age_group,0.4104,-0.0424,0.1940,1.0000
1,body_area,0.4104,0.1869,0.3294,0.8044
1,symptoms,0.4104,0.0815,0.2066,0.7269
1,texture,0.4104,0.0949,0.1434,0.7970
1,duration,0.4104,0.1765,0.1167,0.7970
1,skin_type,0.4104,0.0101,0.1939,0.5314
1,(none: all hidden),0.4104,0.2255,0.1849,
2,age_group,0.4418,0.0162,0.1172,1.0000
2,body_area,0.4418,0.1345,0.2060,0.8192
2,symptoms,0.4418,0.1132,0.2700,0.7601
2,texture,0.4418,0.0644,0.1499,0.8303
2,duration,0.4418,0.1043,0.1018,0.8044
2,skin_type,0.4418,0.0605,0.2244,0.5609
2,(none: all hidden),0.4418,0.3246,0.1172,
3,age_group,0.3794,0.0125,0.1941,1.0000
3,body_area,0.3794,0.0837,0.2852,0.8462
3,symptoms,0.3794,0.0802,0.2336,0.8242
3,texture,0.3794,-0.0170,0.1993,0.8681
3,duration,0.3794,-0.0328,0.1356,0.8535
3,skin_type,0.3794,-0.0046,0.1166,0.5421
3,(none: all hidden),0.3794,0.2628,0.1166,
4,age_group,0.3769,-0.0298,0.1651,1.0000
4,body_area,0.3769,0.1716,0.3513,0.8481
4,symptoms,0.3769,0.0061,0.2224,0.7667
4,texture,0.3769,0.1043,0.1831,0.8519
4,duration,0.3769,0.1307,0.0999,0.8259
4,skin_type,0.3769,0.0014,0.2043,0.5704
4,(none: all hidden),0.3769,0.1916,0.1853,
5,age_group,0.3969,0.0733,0.1450,1.0000
5,body_area,0.3969,0.1443,0.1905,0.8444
5,symptoms,0.3969,0.0247,0.2200,0.7741
5,texture,0.3969,0.0230,0.1429,0.8370
5,duration,0.3969,-0.0021,0.1171,0.8370
5,skin_type,0.3969,0.0241,0.1289,0.5815
5,(none: all hidden),0.3969,0.2783,0.1186,
6,age_group,0.3262,0.0253,0.2366,1.0000
6,body_area,0.3262,0.0647,0.2948,0.8199
6,symptoms,0.3262,-0.0227,0.1859,0.7279
6,texture,0.3262,-0.0184,0.1859,0.8162
6,duration,0.3262,-0.0081,0.2338,0.8051
6,skin_type,0.3262,0.0012,0.1859,0.5037
6,(none: all hidden),0.3262,0.1403,0.1859,
7,age_group,0.3200,0.0063,0.1197,1.0000
7,body_area,0.3200,0.0654,0.1688,0.8704
7,symptoms,0.3200,0.0469,0.1688,0.8111
7,texture,0.3200,0.0097,0.1070,0.8667
7,duration,0.3200,0.0619,0.0807,0.8593
7,skin_type,0.3200,-0.0048,0.1197,0.5963
7,(none: all hidden),0.3200,0.2003,0.1197,
8,age_group,0.4694,0.0624,0.1186,1.0000
8,body_area,0.4694,0.2255,0.2038,0.8333
8,symptoms,0.4694,0.1029,0.2035,0.7741
8,texture,0.4694,0.0655,0.3042,0.8296
8,duration,0.4694,0.0416,0.0976,0.8185
8,skin_type,0.4694,0.0391,0.2405,0.5444
8,(none: all hidden),0.4694,0.3507,0.1186,
9,age_group,0.3438,0.0120,0.1183,1.0000
9,body_area,0.3438,0.0710,0.1434,0.8339
9,symptoms,0.3438,0.0490,0.1252,0.7749
9,texture,0.3438,0.0625,0.1543,0.8413
9,duration,0.3438,0.0342,0.0726,0.8450
9,skin_type,0.3438,-0.0073,0.1183,0.5535
9,(none: all hidden),0.3438,0.2255,0.1183,
