seed,agreement,missing_pct,fusion_macro_f1,best_epoch,synthetic_alone_macro_f1,photo_only_macro_f1,gain_vs_photo
0,0.3000,0.0000,0.5105,7,0.3628,0.4874,0.0231
0,0.3000,1.0000,0.4862,7,0.3628,0.4874,-0.0012
1,0.3000,0.0000,0.5586,27,0.3854,0.5766,-0.0180
1,0.3000,1.0000,0.5267,27,0.3854,0.5766,-0.0499
2,0.3000,0.0000,0.5274,2,0.3904,0.5182,0.0092
2,0.3000,1.0000,0.5023,2,0.3904,0.5182,-0.0159
0,0.5000,0.0000,0.5801,29,0.4632,0.4874,0.0927
0,0.5000,1.0000,0.4251,29,0.4632,0.4874,-0.0623
1,0.5000,0.0000,0.6426,19,0.5202,0.5766,0.0661
1,0.5000,1.0000,0.5477,19,0.5202,0.5766,-0.0288
2,0.5000,0.0000,0.6822,19,0.5203,0.5182,0.1640
2,0.5000,1.0000,0.5321,19,0.5203,0.5182,0.0139
