seed,agreement,synthetic_alone_macro_f1,stack_photo_macro_f1,stack_photo_synthetic_macro_f1,C,gain
0,0.2000,0.3342,0.4917,0.5298,0.0010,0.0381
0,0.3000,0.3628,0.4917,0.5544,0.0300,0.0627
0,0.4000,0.4195,0.4917,0.6029,0.0010,0.1111
0,0.5000,0.4632,0.4917,0.5912,1.0000,0.0995
1,0.2000,0.3182,0.5610,0.5296,0.0030,-0.0314
1,0.3000,0.3854,0.5610,0.5743,0.0030,0.0132
1,0.4000,0.4284,0.5610,0.5530,1.0000,-0.0080
1,0.5000,0.5202,0.5610,0.5939,0.0300,0.0329
2,0.2000,0.3348,0.4476,0.4844,0.0030,0.0368
2,0.3000,0.3904,0.4476,0.5268,0.0100,0.0791
2,0.4000,0.4340,0.4476,0.5573,0.3000,0.1096
2,0.5000,0.5203,0.4476,0.6052,0.1000,0.1576
3,0.2000,0.3221,0.5529,0.5343,0.0010,-0.0186
3,0.3000,0.3890,0.5529,0.5561,0.0010,0.0032
3,0.4000,0.4503,0.5529,0.5768,0.0010,0.0240
3,0.5000,0.4806,0.5529,0.5894,0.0300,0.0366
4,0.2000,0.2475,0.4727,0.4456,0.0010,-0.0271
4,0.3000,0.3087,0.4727,0.4569,0.0010,-0.0158
4,0.4000,0.3454,0.4727,0.4483,0.0010,-0.0244
4,0.5000,0.4363,0.4727,0.5106,0.3000,0.0379
5,0.2000,0.3345,0.5189,0.5687,0.0010,0.0498
5,0.3000,0.3942,0.5189,0.5630,0.0100,0.0441
5,0.4000,0.4423,0.5189,0.5895,1.0000,0.0706
5,0.5000,0.5112,0.5189,0.6779,0.0010,0.1590
6,0.2000,0.2682,0.4756,0.4582,0.0030,-0.0174
6,0.3000,0.3408,0.4756,0.4508,0.3000,-0.0248
6,0.4000,0.4152,0.4756,0.4963,0.3000,0.0207
6,0.5000,0.4771,0.4756,0.5510,0.3000,0.0754
7,0.2000,0.2860,0.4835,0.4311,0.0100,-0.0523
7,0.3000,0.3491,0.4835,0.4699,0.0300,-0.0136
7,0.4000,0.4146,0.4835,0.5158,0.3000,0.0323
7,0.5000,0.4812,0.4835,0.5573,1.0000,0.0738
8,0.2000,0.3009,0.5174,0.4910,0.0300,-0.0264
8,0.3000,0.3499,0.5174,0.5070,0.1000,-0.0104
8,0.4000,0.4137,0.5174,0.5293,0.1000,0.0119
8,0.5000,0.4762,0.5174,0.5696,0.3000,0.0522
9,0.2000,0.3083,0.4398,0.4554,0.3000,0.0156
9,0.3000,0.3557,0.4398,0.4671,3.0000,0.0273
9,0.4000,0.4081,0.4398,0.4797,1.0000,0.0399
9,0.5000,0.4829,0.4398,0.5283,1.0000,0.0885
