seed,split,primary_label,eFST_group,n_cases,pct_of_split
0,train,acne,I-II,38,1.08
0,train,acne,III-IV,55,1.56
0,train,acne,V-VI,7,0.2
0,train,acne,missing,1,0.03
0,train,eczema_dermatitis,I-II,335,9.51
0,train,eczema_dermatitis,III-IV,322,9.14
0,train,eczema_dermatitis,V-VI,62,1.76
0,train,eczema_dermatitis,missing,29,0.82
0,train,excluded,I-II,696,19.76
0,train,excluded,III-IV,948,26.92
0,train,excluded,V-VI,200,5.68
0,train,excluded,missing,412,11.7
0,train,normal_other,I-II,151,4.29
0,train,normal_other,III-IV,181,5.14
0,train,normal_other,V-VI,34,0.97
0,train,normal_other,missing,21,0.6
0,train,redness_rosacea,I-II,20,0.57
0,train,redness_rosacea,III-IV,8,0.23
0,train,redness_rosacea,missing,2,0.06
0,val,acne,I-II,8,1.06
0,val,acne,III-IV,11,1.45
0,val,acne,V-VI,2,0.26
0,val,acne,missing,1,0.13
0,val,eczema_dermatitis,I-II,72,9.51
0,val,eczema_dermatitis,III-IV,69,9.11
0,val,eczema_dermatitis,V-VI,14,1.85
0,val,eczema_dermatitis,missing,6,0.79
0,val,excluded,I-II,149,19.68
0,val,excluded,III-IV,203,26.82
0,val,excluded,V-VI,44,5.81
0,val,excluded,missing,88,11.62
0,val,normal_other,I-II,32,4.23
0,val,normal_other,III-IV,39,5.15
0,val,normal_other,V-VI,7,0.92
0,val,normal_other,missing,4,0.53
0,val,redness_rosacea,I-II,6,0.79
0,val,redness_rosacea,III-IV,1,0.13
0,val,redness_rosacea,V-VI,1,0.13
0,test,acne,I-II,9,1.19
0,test,acne,III-IV,11,1.46
0,test,acne,V-VI,1,0.13
0,test,eczema_dermatitis,I-II,71,9.42
0,test,eczema_dermatitis,III-IV,69,9.15
0,test,eczema_dermatitis,V-VI,13,1.72
0,test,eczema_dermatitis,missing,6,0.8
0,test,excluded,I-II,149,19.76
0,test,excluded,III-IV,204,27.06
0,test,excluded,V-VI,43,5.7
0,test,excluded,missing,88,11.67
0,test,normal_other,I-II,33,4.38
0,test,normal_other,III-IV,38,5.04
0,test,normal_other,V-VI,8,1.06
0,test,normal_other,missing,5,0.66
0,test,redness_rosacea,I-II,4,0.53
0,test,redness_rosacea,III-IV,2,0.27
1,train,acne,I-II,38,1.08
1,train,acne,III-IV,53,1.5
1,train,acne,V-VI,7,0.2
1,train,acne,missing,1,0.03
1,train,eczema_dermatitis,I-II,335,9.51
1,train,eczema_dermatitis,III-IV,322,9.14
1,train,eczema_dermatitis,V-VI,62,1.76
1,train,eczema_dermatitis,missing,29,0.82
1,train,excluded,I-II,696,19.76
1,train,excluded,III-IV,948,26.91
1,train,excluded,V-VI,201,5.71
1,train,excluded,missing,412,11.69
1,train,normal_other,I-II,151,4.29
1,train,normal_other,III-IV,181,5.14
1,train,normal_other,V-VI,34,0.97
1,train,normal_other,missing,21,0.6
1,train,redness_rosacea,I-II,21,0.6
1,train,redness_rosacea,III-IV,8,0.23
1,train,redness_rosacea,V-VI,1,0.03
1,train,redness_rosacea,missing,2,0.06
1,val,acne,I-II,8,1.06
1,val,acne,III-IV,13,1.72
1,val,acne,V-VI,1,0.13
1,val,eczema_dermatitis,I-II,72,9.52
1,val,eczema_dermatitis,III-IV,69,9.13
1,val,eczema_dermatitis,V-VI,14,1.85
1,val,eczema_dermatitis,missing,6,0.79
1,val,excluded,I-II,149,19.71
1,val,excluded,III-IV,204,26.98
1,val,excluded,V-VI,43,5.69
1,val,excluded,missing,88,11.64
1,val,normal_other,I-II,32,4.23
1,val,normal_other,III-IV,38,5.03
1,val,normal_other,V-VI,7,0.93
1,val,normal_other,missing,5,0.66
1,val,redness_rosacea,I-II,5,0.66
1,val,redness_rosacea,III-IV,2,0.26
1,test,acne,I-II,9,1.19
1,test,acne,III-IV,11,1.46
1,test,acne,V-VI,2,0.27
1,test,acne,missing,1,0.13
1,test,eczema_dermatitis,I-II,71,9.42
1,test,eczema_dermatitis,III-IV,69,9.15
1,test,eczema_dermatitis,V-VI,13,1.72
1,test,eczema_dermatitis,missing,6,0.8
1,test,excluded,I-II,149,19.76
1,test,excluded,III-IV,203,26.92
1,test,excluded,V-VI,43,5.7
1,test,excluded,missing,88,11.67
1,test,normal_other,I-II,33,4.38
1,test,normal_other,III-IV,39,5.17
1,test,normal_other,V-VI,8,1.06
1,test,normal_other,missing,4,0.53
1,test,redness_rosacea,I-II,4,0.53
1,test,redness_rosacea,III-IV,1,0.13
2,train,acne,I-II,38,1.08
2,train,acne,III-IV,55,1.56
2,train,acne,V-VI,7,0.2
2,train,acne,missing,1,0.03
2,train,eczema_dermatitis,I-II,335,9.51
2,train,eczema_dermatitis,III-IV,321,9.11
2,train,eczema_dermatitis,V-VI,62,1.76
2,train,eczema_dermatitis,missing,29,0.82
2,train,excluded,I-II,696,19.75
2,train,excluded,III-IV,948,26.9
2,train,excluded,V-VI,201,5.7
2,train,excluded,missing,412,11.69
2,train,normal_other,I-II,151,4.28
2,train,normal_other,III-IV,181,5.14
2,train,normal_other,V-VI,34,0.96
2,train,normal_other,missing,21,0.6
2,train,redness_rosacea,I-II,21,0.6
2,train,redness_rosacea,III-IV,8,0.23
2,train,redness_rosacea,V-VI,1,0.03
2,train,redness_rosacea,missing,2,0.06
2,val,acne,I-II,8,1.06
2,val,acne,III-IV,11,1.46
2,val,acne,V-VI,2,0.26
2,val,eczema_dermatitis,I-II,72,9.54
2,val,eczema_dermatitis,III-IV,70,9.27
2,val,eczema_dermatitis,V-VI,14,1.85
2,val,eczema_dermatitis,missing,6,0.79
2,val,excluded,I-II,149,19.74
2,val,excluded,III-IV,204,27.02
2,val,excluded,V-VI,43,5.7
2,val,excluded,missing,88,11.66
2,val,normal_other,I-II,32,4.24
2,val,normal_other,III-IV,39,5.17
2,val,normal_other,V-VI,7,0.93
2,val,normal_other,missing,5,0.66
2,val,redness_rosacea,I-II,4,0.53
2,val,redness_rosacea,III-IV,1,0.13
2,test,acne,I-II,9,1.19
2,test,acne,III-IV,11,1.46
2,test,acne,V-VI,1,0.13
2,test,acne,missing,1,0.13
2,test,eczema_dermatitis,I-II,71,9.42
2,test,eczema_dermatitis,III-IV,69,9.15
2,test,eczema_dermatitis,V-VI,13,1.72
2,test,eczema_dermatitis,missing,6,0.8
2,test,excluded,I-II,149,19.76
2,test,excluded,III-IV,203,26.92
2,test,excluded,V-VI,43,5.7
2,test,excluded,missing,88,11.67
2,test,normal_other,I-II,33,4.38
2,test,normal_other,III-IV,38,5.04
2,test,normal_other,V-VI,8,1.06
2,test,normal_other,missing,4,0.53
2,test,redness_rosacea,I-II,5,0.66
2,test,redness_rosacea,III-IV,2,0.27
3,train,acne,I-II,38,1.08
3,train,acne,III-IV,53,1.5
3,train,acne,V-VI,7,0.2
3,train,acne,missing,1,0.03
3,train,eczema_dermatitis,I-II,335,9.51
3,train,eczema_dermatitis,III-IV,322,9.14
3,train,eczema_dermatitis,V-VI,62,1.76
3,train,eczema_dermatitis,missing,29,0.82
3,train,excluded,I-II,696,19.76
3,train,excluded,III-IV,948,26.91
3,train,excluded,V-VI,201,5.71
3,train,excluded,missing,412,11.69
3,train,normal_other,I-II,151,4.29
3,train,normal_other,III-IV,181,5.14
3,train,normal_other,V-VI,34,0.97
3,train,normal_other,missing,21,0.6
3,train,redness_rosacea,I-II,21,0.6
3,train,redness_rosacea,III-IV,8,0.23
3,train,redness_rosacea,V-VI,1,0.03
3,train,redness_rosacea,missing,2,0.06
3,val,acne,I-II,8,1.06
3,val,acne,III-IV,11,1.46
3,val,acne,V-VI,1,0.13
3,val,eczema_dermatitis,I-II,72,9.55
3,val,eczema_dermatitis,III-IV,69,9.15
3,val,eczema_dermatitis,V-VI,14,1.86
3,val,eczema_dermatitis,missing,6,0.8
3,val,excluded,I-II,149,19.76
3,val,excluded,III-IV,204,27.06
3,val,excluded,V-VI,43,5.7
3,val,excluded,missing,88,11.67
3,val,normal_other,I-II,32,4.24
3,val,normal_other,III-IV,39,5.17
3,val,normal_other,V-VI,7,0.93
3,val,normal_other,missing,5,0.66
3,val,redness_rosacea,I-II,5,0.66
3,val,redness_rosacea,III-IV,1,0.13
3,test,acne,I-II,9,1.19
3,test,acne,III-IV,13,1.72
3,test,acne,V-VI,2,0.26
3,test,acne,missing,1,0.13
3,test,eczema_dermatitis,I-II,71,9.39
3,test,eczema_dermatitis,III-IV,69,9.13
3,test,eczema_dermatitis,V-VI,13,1.72
3,test,eczema_dermatitis,missing,6,0.79
3,test,excluded,I-II,149,19.71
3,test,excluded,III-IV,203,26.85
3,test,excluded,V-VI,43,5.69
3,test,excluded,missing,88,11.64
3,test,normal_other,I-II,33,4.37
3,test,normal_other,III-IV,38,5.03
3,test,normal_other,V-VI,8,1.06
3,test,normal_other,missing,4,0.53
3,test,redness_rosacea,I-II,4,0.53
3,test,redness_rosacea,III-IV,2,0.26
4,train,acne,I-II,38,1.08
4,train,acne,III-IV,55,1.56
4,train,acne,V-VI,7,0.2
4,train,acne,missing,2,0.06
4,train,eczema_dermatitis,I-II,335,9.5
4,train,eczema_dermatitis,III-IV,322,9.13
4,train,eczema_dermatitis,V-VI,62,1.76
4,train,eczema_dermatitis,missing,29,0.82
4,train,excluded,I-II,696,19.74
4,train,excluded,III-IV,948,26.89
4,train,excluded,V-VI,201,5.7
4,train,excluded,missing,412,11.69
4,train,normal_other,I-II,151,4.28
4,train,normal_other,III-IV,181,5.13
4,train,normal_other,V-VI,34,0.96
4,train,normal_other,missing,21,0.6
4,train,redness_rosacea,I-II,21,0.6
4,train,redness_rosacea,III-IV,8,0.23
4,train,redness_rosacea,V-VI,1,0.03
4,train,redness_rosacea,missing,1,0.03
4,val,acne,I-II,8,1.06
4,val,acne,III-IV,11,1.46
4,val,acne,V-VI,1,0.13
4,val,eczema_dermatitis,I-II,72,9.55
4,val,eczema_dermatitis,III-IV,69,9.15
4,val,eczema_dermatitis,V-VI,14,1.86
4,val,eczema_dermatitis,missing,6,0.8
4,val,excluded,I-II,149,19.76
4,val,excluded,III-IV,203,26.92
4,val,excluded,V-VI,43,5.7
4,val,excluded,missing,88,11.67
4,val,normal_other,I-II,33,4.38
4,val,normal_other,III-IV,39,5.17
4,val,normal_other,V-VI,7,0.93
4,val,normal_other,missing,5,0.66
4,val,redness_rosacea,I-II,4,0.53
4,val,redness_rosacea,III-IV,1,0.13
4,val,redness_rosacea,missing,1,0.13
4,test,acne,I-II,9,1.19
4,test,acne,III-IV,11,1.46
4,test,acne,V-VI,2,0.27
4,test,eczema_dermatitis,I-II,71,9.42
4,test,eczema_dermatitis,III-IV,69,9.15
4,test,eczema_dermatitis,V-VI,13,1.72
4,test,eczema_dermatitis,missing,6,0.8
4,test,excluded,I-II,149,19.76
4,test,excluded,III-IV,204,27.06
4,test,excluded,V-VI,43,5.7
4,test,excluded,missing,88,11.67
4,test,normal_other,I-II,32,4.24
4,test,normal_other,III-IV,38,5.04
4,test,normal_other,V-VI,8,1.06
4,test,normal_other,missing,4,0.53
4,test,redness_rosacea,I-II,5,0.66
4,test,redness_rosacea,III-IV,2,0.27
5,train,acne,I-II,38,1.08
5,train,acne,III-IV,54,1.53
5,train,acne,V-VI,7,0.2
5,train,acne,missing,2,0.06
5,train,eczema_dermatitis,I-II,335,9.51
5,train,eczema_dermatitis,III-IV,322,9.14
5,train,eczema_dermatitis,V-VI,62,1.76
5,train,eczema_dermatitis,missing,29,0.82
5,train,excluded,I-II,696,19.75
5,train,excluded,III-IV,948,26.9
5,train,excluded,V-VI,201,5.7
5,train,excluded,missing,412,11.69
5,train,normal_other,I-II,151,4.28
5,train,normal_other,III-IV,181,5.14
5,train,normal_other,V-VI,34,0.96
5,train,normal_other,missing,21,0.6
5,train,redness_rosacea,I-II,21,0.6
5,train,redness_rosacea,III-IV,8,0.23
5,train,redness_rosacea,V-VI,1,0.03
5,train,redness_rosacea,missing,1,0.03
5,val,acne,I-II,8,1.06
5,val,acne,III-IV,12,1.59
5,val,acne,V-VI,1,0.13
5,val,eczema_dermatitis,I-II,72,9.54
5,val,eczema_dermatitis,III-IV,69,9.14
5,val,eczema_dermatitis,V-VI,14,1.85
5,val,eczema_dermatitis,missing,6,0.79
5,val,excluded,I-II,149,19.74
5,val,excluded,III-IV,203,26.89
5,val,excluded,V-VI,43,5.7
5,val,excluded,missing,88,11.66
5,val,normal_other,I-II,32,4.24
5,val,normal_other,III-IV,39,5.17
5,val,normal_other,V-VI,7,0.93
5,val,normal_other,missing,4,0.53
5,val,redness_rosacea,I-II,5,0.66
5,val,redness_rosacea,III-IV,2,0.26
5,val,redness_rosacea,missing,1,0.13
5,test,acne,I-II,9,1.19
5,test,acne,III-IV,11,1.46
5,test,acne,V-VI,2,0.27
5,test,eczema_dermatitis,I-II,71,9.42
5,test,eczema_dermatitis,III-IV,69,9.15
5,test,eczema_dermatitis,V-VI,13,1.72
5,test,eczema_dermatitis,missing,6,0.8
5,test,excluded,I-II,149,19.76
5,test,excluded,III-IV,204,27.06
5,test,excluded,V-VI,43,5.7
5,test,excluded,missing,88,11.67
5,test,normal_other,I-II,33,4.38
5,test,normal_other,III-IV,38,5.04
5,test,normal_other,V-VI,8,1.06
5,test,normal_other,missing,5,0.66
5,test,redness_rosacea,I-II,4,0.53
5,test,redness_rosacea,III-IV,1,0.13
6,train,acne,I-II,38,1.08
6,train,acne,III-IV,54,1.53
6,train,acne,V-VI,7,0.2
6,train,acne,missing,2,0.06
6,train,eczema_dermatitis,I-II,335,9.51
6,train,eczema_dermatitis,III-IV,321,9.11
6,train,eczema_dermatitis,V-VI,62,1.76
6,train,eczema_dermatitis,missing,29,0.82
6,train,excluded,I-II,696,19.76
6,train,excluded,III-IV,948,26.92
6,train,excluded,V-VI,201,5.71
6,train,excluded,missing,412,11.7
6,train,normal_other,I-II,151,4.29
6,train,normal_other,III-IV,181,5.14
6,train,normal_other,V-VI,34,0.97
6,train,normal_other,missing,21,0.6
6,train,redness_rosacea,I-II,20,0.57
6,train,redness_rosacea,III-IV,8,0.23
6,train,redness_rosacea,V-VI,1,0.03
6,train,redness_rosacea,missing,1,0.03
6,val,acne,I-II,9,1.19
6,val,acne,III-IV,12,1.59
6,val,acne,V-VI,2,0.26
6,val,eczema_dermatitis,I-II,71,9.4
6,val,eczema_dermatitis,III-IV,69,9.14
6,val,eczema_dermatitis,V-VI,14,1.85
6,val,eczema_dermatitis,missing,6,0.79
6,val,excluded,I-II,149,19.74
6,val,excluded,III-IV,203,26.89
6,val,excluded,V-VI,43,5.7
6,val,excluded,missing,88,11.66
6,val,normal_other,I-II,32,4.24
6,val,normal_other,III-IV,38,5.03
6,val,normal_other,V-VI,7,0.93
6,val,normal_other,missing,4,0.53
6,val,redness_rosacea,I-II,5,0.66
6,val,redness_rosacea,III-IV,2,0.26
6,val,redness_rosacea,missing,1,0.13
6,test,acne,I-II,8,1.06
6,test,acne,III-IV,11,1.46
6,test,acne,V-VI,1,0.13
6,test,eczema_dermatitis,I-II,72,9.52
6,test,eczema_dermatitis,III-IV,70,9.26
6,test,eczema_dermatitis,V-VI,13,1.72
6,test,eczema_dermatitis,missing,6,0.79
6,test,excluded,I-II,149,19.71
6,test,excluded,III-IV,204,26.98
6,test,excluded,V-VI,43,5.69
6,test,excluded,missing,88,11.64
6,test,normal_other,I-II,33,4.37
6,test,normal_other,III-IV,39,5.16
6,test,normal_other,V-VI,8,1.06
6,test,normal_other,missing,5,0.66
6,test,redness_rosacea,I-II,5,0.66
6,test,redness_rosacea,III-IV,1,0.13
7,train,acne,I-II,38,1.08
7,train,acne,III-IV,54,1.53
7,train,acne,V-VI,7,0.2
7,train,acne,missing,2,0.06
7,train,eczema_dermatitis,I-II,335,9.51
7,train,eczema_dermatitis,III-IV,322,9.14
7,train,eczema_dermatitis,V-VI,62,1.76
7,train,eczema_dermatitis,missing,29,0.82
7,train,excluded,I-II,696,19.75
7,train,excluded,III-IV,948,26.9
7,train,excluded,V-VI,201,5.7
7,train,excluded,missing,412,11.69
7,train,normal_other,I-II,151,4.28
7,train,normal_other,III-IV,181,5.14
7,train,normal_other,V-VI,34,0.96
7,train,normal_other,missing,21,0.6
7,train,redness_rosacea,I-II,21,0.6
7,train,redness_rosacea,III-IV,8,0.23
7,train,redness_rosacea,V-VI,1,0.03
7,train,redness_rosacea,missing,1,0.03
7,val,acne,I-II,9,1.19
7,val,acne,III-IV,12,1.59
7,val,acne,V-VI,1,0.13
7,val,eczema_dermatitis,I-II,72,9.54
7,val,eczema_dermatitis,III-IV,69,9.14
7,val,eczema_dermatitis,V-VI,14,1.85
7,val,eczema_dermatitis,missing,6,0.79
7,val,excluded,I-II,149,19.74
7,val,excluded,III-IV,203,26.89
7,val,excluded,V-VI,43,5.7
7,val,excluded,missing,88,11.66
7,val,normal_other,I-II,32,4.24
7,val,normal_other,III-IV,38,5.03
7,val,normal_other,V-VI,7,0.93
7,val,normal_other,missing,4,0.53
7,val,redness_rosacea,I-II,5,0.66
7,val,redness_rosacea,III-IV,2,0.26
7,val,redness_rosacea,missing,1,0.13
7,test,acne,I-II,8,1.06
7,test,acne,III-IV,11,1.46
7,test,acne,V-VI,2,0.27
7,test,eczema_dermatitis,I-II,71,9.42
7,test,eczema_dermatitis,III-IV,69,9.15
7,test,eczema_dermatitis,V-VI,13,1.72
7,test,eczema_dermatitis,missing,6,0.8
7,test,excluded,I-II,149,19.76
7,test,excluded,III-IV,204,27.06
7,test,excluded,V-VI,43,5.7
7,test,excluded,missing,88,11.67
7,test,normal_other,I-II,33,4.38
7,test,normal_other,III-IV,39,5.17
7,test,normal_other,V-VI,8,1.06
7,test,normal_other,missing,5,0.66
7,test,redness_rosacea,I-II,4,0.53
7,test,redness_rosacea,III-IV,1,0.13
8,train,acne,I-II,38,1.08
8,train,acne,III-IV,55,1.56
8,train,acne,V-VI,7,0.2
8,train,acne,missing,1,0.03
8,train,eczema_dermatitis,I-II,335,9.5
8,train,eczema_dermatitis,III-IV,322,9.13
8,train,eczema_dermatitis,V-VI,62,1.76
8,train,eczema_dermatitis,missing,29,0.82
8,train,excluded,I-II,696,19.74
8,train,excluded,III-IV,948,26.89
8,train,excluded,V-VI,201,5.7
8,train,excluded,missing,412,11.69
8,train,normal_other,I-II,151,4.28
8,train,normal_other,III-IV,181,5.13
8,train,normal_other,V-VI,34,0.96
8,train,normal_other,missing,21,0.6
8,train,redness_rosacea,I-II,21,0.6
8,train,redness_rosacea,III-IV,8,0.23
8,train,redness_rosacea,V-VI,1,0.03
8,train,redness_rosacea,missing,2,0.06
8,val,acne,I-II,9,1.19
8,val,acne,III-IV,11,1.46
8,val,acne,V-VI,1,0.13
8,val,acne,missing,1,0.13
8,val,eczema_dermatitis,I-II,71,9.42
8,val,eczema_dermatitis,III-IV,69,9.15
8,val,eczema_dermatitis,V-VI,14,1.86
8,val,eczema_dermatitis,missing,6,0.8
8,val,excluded,I-II,149,19.76
8,val,excluded,III-IV,203,26.92
8,val,excluded,V-VI,43,5.7
8,val,excluded,missing,88,11.67
8,val,normal_other,I-II,32,4.24
8,val,normal_other,III-IV,38,5.04
8,val,normal_other,V-VI,8,1.06
8,val,normal_other,missing,4,0.53
8,val,redness_rosacea,I-II,5,0.66
8,val,redness_rosacea,III-IV,2,0.27
8,test,acne,I-II,8,1.06
8,test,acne,III-IV,11,1.46
8,test,acne,V-VI,2,0.27
8,test,eczema_dermatitis,I-II,72,9.55
8,test,eczema_dermatitis,III-IV,69,9.15
8,test,eczema_dermatitis,V-VI,13,1.72
8,test,eczema_dermatitis,missing,6,0.8
8,test,excluded,I-II,149,19.76
8,test,excluded,III-IV,204,27.06
8,test,excluded,V-VI,43,5.7
8,test,excluded,missing,88,11.67
8,test,normal_other,I-II,33,4.38
8,test,normal_other,III-IV,39,5.17
8,test,normal_other,V-VI,7,0.93
8,test,normal_other,missing,5,0.66
8,test,redness_rosacea,I-II,4,0.53
8,test,redness_rosacea,III-IV,1,0.13
9,train,acne,I-II,38,1.08
9,train,acne,III-IV,55,1.56
9,train,acne,V-VI,7,0.2
9,train,acne,missing,1,0.03
9,train,eczema_dermatitis,I-II,335,9.5
9,train,eczema_dermatitis,III-IV,322,9.13
9,train,eczema_dermatitis,V-VI,62,1.76
9,train,eczema_dermatitis,missing,29,0.82
9,train,excluded,I-II,696,19.74
9,train,excluded,III-IV,948,26.89
9,train,excluded,V-VI,201,5.7
9,train,excluded,missing,412,11.69
9,train,normal_other,I-II,151,4.28
9,train,normal_other,III-IV,181,5.13
9,train,normal_other,V-VI,34,0.96
9,train,normal_other,missing,21,0.6
9,train,redness_rosacea,I-II,21,0.6
9,train,redness_rosacea,III-IV,8,0.23
9,train,redness_rosacea,V-VI,1,0.03
9,train,redness_rosacea,missing,2,0.06
9,val,acne,I-II,8,1.06
9,val,acne,III-IV,11,1.46
9,val,acne,V-VI,1,0.13
9,val,eczema_dermatitis,I-II,72,9.55
9,val,eczema_dermatitis,III-IV,69,9.15
9,val,eczema_dermatitis,V-VI,14,1.86
9,val,eczema_dermatitis,missing,6,0.8
9,val,excluded,I-II,149,19.76
9,val,excluded,III-IV,204,27.06
9,val,excluded,V-VI,43,5.7
9,val,excluded,missing,88,11.67
9,val,normal_other,I-II,32,4.24
9,val,normal_other,III-IV,39,5.17
9,val,normal_other,V-VI,7,0.93
9,val,normal_other,missing,4,0.53
9,val,redness_rosacea,I-II,5,0.66
9,val,redness_rosacea,III-IV,2,0.27
9,test,acne,I-II,9,1.19
9,test,acne,III-IV,11,1.46
9,test,acne,V-VI,2,0.27
9,test,acne,missing,1,0.13
9,test,eczema_dermatitis,I-II,71,9.42
9,test,eczema_dermatitis,III-IV,69,9.15
9,test,eczema_dermatitis,V-VI,13,1.72
9,test,eczema_dermatitis,missing,6,0.8
9,test,excluded,I-II,149,19.76
9,test,excluded,III-IV,203,26.92
9,test,excluded,V-VI,43,5.7
9,test,excluded,missing,88,11.67
9,test,normal_other,I-II,33,4.38
9,test,normal_other,III-IV,38,5.04
9,test,normal_other,V-VI,8,1.06
9,test,normal_other,missing,5,0.66
9,test,redness_rosacea,I-II,4,0.53
9,test,redness_rosacea,III-IV,1,0.13
