backbone,balance,row_type,arm,versus,metric,missing_pct,n_seeds,mean,sd,ci_low,ci_high,seed0,seed1,seed2,seed3,seed4,seed5,seed6,seed7,seed8,seed9,a_better_seeds,t_test_p,wilcoxon_p,seed0_ci,seed1_ci,seed2_ci,seed3_ci,seed4_ci,seed5_ci,seed6_ci,seed7_ci,seed8_ci,seed9_ci,scale,group,mean_n_cases,holm_p
efficientnet_b0,weighted_loss,arm,image_only,,macro_f1,0.00000,10,0.51911,0.03981,0.48497,0.54150,0.48740,0.57655,0.51817,0.57323,0.52820,0.47439,0.48556,0.47854,0.56367,0.50541,,,,,,,,,,,,,,,,,
efficientnet_b0,weighted_loss,arm,image_only,,balanced_acc,0.00000,10,0.60984,0.03847,0.57968,0.63923,0.56918,0.63374,0.60165,0.68780,0.62726,0.55090,0.60757,0.61254,0.62723,0.58056,,,,,,,,,,,,,,,,,
efficientnet_b0,weighted_loss,arm,image_only,,accuracy,0.00000,10,0.56389,0.02580,0.54582,0.58238,0.54815,0.57565,0.56089,0.56777,0.60000,0.54444,0.53676,0.52593,0.60370,0.57565,,,,,,,,,,,,,,,,,
efficientnet_b0,weighted_loss,arm,image_only,,ece,0.00000,10,0.07903,0.01726,0.06587,0.09327,0.08405,0.05759,0.07388,0.05801,0.07724,0.11990,0.08092,0.07440,0.08450,0.07982,,,,,,,,,,,,,,,,,
efficientnet_b0,weighted_loss,arm,questionnaire_only,,macro_f1,0.00000,10,0.38063,0.04979,0.34948,0.40422,0.34151,0.41042,0.44184,0.37939,0.37688,0.39693,0.32617,0.31998,0.46936,0.34385,,,,,,,,,,,,,,,,,
efficientnet_b0,weighted_loss,arm,questionnaire_only,,balanced_acc,0.00000,10,0.43709,0.06566,0.39948,0.47490,0.42346,0.47755,0.45769,0.47926,0.37756,0.47138,0.35993,0.36690,0.56726,0.38989,,,,,,,,,,,,,,,,,
efficientnet_b0,weighted_loss,arm,questionnaire_only,,accuracy,0.00000,10,0.48229,0.03997,0.46384,0.50150,0.40741,0.50923,0.53137,0.45788,0.47407,0.50741,0.46691,0.46667,0.54074,0.46125,,,,,,,,,,,,,,,,,
efficientnet_b0,weighted_loss,arm,questionnaire_only,,ece,0.00000,10,0.08780,0.02177,0.07326,0.10297,0.07600,0.08381,0.06737,0.07146,0.11751,0.09073,0.09620,0.07152,0.07163,0.13181,,,,,,,,,,,,,,,,,
efficientnet_b0,weighted_loss,arm,questionnaire_only,,macro_f1,1.00000,10,0.13839,0.03243,0.13348,0.14365,0.11864,0.18488,0.11723,0.11657,0.18531,0.11864,0.18591,0.11972,0.11864,0.11831,,,,,,,,,,,,,,,,,
efficientnet_b0,weighted_loss,arm,fusion_concat,,macro_f1,0.00000,10,0.51427,0.03997,0.48153,0.53807,0.43472,0.59460,0.52086,0.52444,0.50306,0.48356,0.52936,0.50834,0.52338,0.52040,,,,,,,,,,,,,,,,,
efficientnet_b0,weighted_loss,arm,fusion_concat,,balanced_acc,0.00000,10,0.59656,0.03195,0.56653,0.62559,0.58086,0.65986,0.57842,0.56207,0.59320,0.54824,0.60610,0.61615,0.62068,0.60002,,,,,,,,,,,,,,,,,
efficientnet_b0,weighted_loss,arm,fusion_concat,,accuracy,0.00000,10,0.56423,0.04663,0.54574,0.58380,0.45185,0.58672,0.53137,0.55311,0.61111,0.57778,0.61029,0.55556,0.58148,0.58303,,,,,,,,,,,,,,,,,
efficientnet_b0,weighted_loss,arm,fusion_concat,,ece,0.00000,10,0.09249,0.04217,0.07848,0.10719,0.04153,0.09418,0.06696,0.05597,0.18112,0.13788,0.07885,0.11775,0.06848,0.08216,,,,,,,,,,,,,,,,,
efficientnet_b0,weighted_loss,arm,fusion_concat,,macro_f1,1.00000,10,0.50464,0.04181,0.47190,0.52784,0.40939,0.55962,0.52350,0.54560,0.49111,0.49032,0.52584,0.47867,0.51314,0.50924,,,,,,,,,,,,,,,,,
efficientnet_b0,weighted_loss,arm,stack_photo,,macro_f1,0.00000,10,0.49611,0.04093,0.46436,0.51911,0.49173,0.56102,0.44764,0.55286,0.47271,0.51886,0.47557,0.48345,0.51741,0.43980,,,,,,,,,,,,,,,,,
efficientnet_b0,weighted_loss,arm,stack_photo,,balanced_acc,0.00000,10,0.61162,0.04228,0.58434,0.63756,0.60383,0.68388,0.55698,0.67864,0.58567,0.60424,0.59213,0.61506,0.62820,0.56762,,,,,,,,,,,,,,,,,
efficientnet_b0,weighted_loss,arm,stack_photo,,accuracy,0.00000,10,0.55652,0.02858,0.53730,0.57426,0.53333,0.59410,0.52768,0.55311,0.54815,0.60741,0.52941,0.53333,0.58148,0.55720,,,,,,,,,,,,,,,,,
efficientnet_b0,weighted_loss,arm,stack_photo,,ece,0.00000,10,0.18285,0.03616,0.16621,0.20047,0.19991,0.19585,0.10440,0.18239,0.19273,0.24117,0.16003,0.21043,0.16426,0.17735,,,,,,,,,,,,,,,,,
efficientnet_b0,weighted_loss,arm,stack_photo,,macro_f1,1.00000,10,0.49611,0.04093,0.46436,0.51911,0.49173,0.56102,0.44764,0.55286,0.47271,0.51886,0.47557,0.48345,0.51741,0.43980,,,,,,,,,,,,,,,,,
efficientnet_b0,weighted_loss,arm,stack_photo_q,,macro_f1,0.00000,10,0.47640,0.03837,0.44327,0.50133,0.51893,0.48047,0.48422,0.52581,0.45820,0.50398,0.41423,0.44767,0.50328,0.42724,,,,,,,,,,,,,,,,,
efficientnet_b0,weighted_loss,arm,stack_photo_q,,balanced_acc,0.00000,10,0.57860,0.05228,0.54666,0.60950,0.63836,0.59982,0.58304,0.63819,0.53812,0.54675,0.48542,0.58468,0.63839,0.53327,,,,,,,,,,,,,,,,,
efficientnet_b0,weighted_loss,arm,stack_photo_q,,accuracy,0.00000,10,0.53840,0.03381,0.51963,0.55830,0.51481,0.50923,0.57196,0.57143,0.50741,0.59259,0.48897,0.53333,0.55556,0.53875,,,,,,,,,,,,,,,,,
efficientnet_b0,weighted_loss,arm,stack_photo_q,,ece,0.00000,10,0.11389,0.04866,0.09875,0.12943,0.09368,0.07731,0.21540,0.04703,0.09310,0.11915,0.08570,0.17079,0.12971,0.10700,,,,,,,,,,,,,,,,,
efficientnet_b0,weighted_loss,arm,stack_photo_q,,macro_f1,1.00000,10,0.46328,0.05674,0.42857,0.48785,0.40583,0.58216,0.44627,0.51854,0.50403,0.43745,0.43574,0.39464,0.44336,0.46475,,,,,,,,,,,,,,,,,
efficientnet_b0,weighted_loss,arm,stack_photo_qmlp,,macro_f1,0.00000,10,0.49131,0.03116,0.46063,0.51596,0.50857,0.54116,0.49798,0.50472,0.47577,0.50903,0.45033,0.46579,0.51582,0.44393,,,,,,,,,,,,,,,,,
efficientnet_b0,weighted_loss,arm,stack_photo_qmlp,,balanced_acc,0.00000,10,0.60413,0.02902,0.57603,0.63196,0.61596,0.66290,0.59651,0.63216,0.59634,0.56316,0.58175,0.60672,0.61079,0.57497,,,,,,,,,,,,,,,,,
efficientnet_b0,weighted_loss,arm,stack_photo_qmlp,,accuracy,0.00000,10,0.55836,0.03406,0.53990,0.57722,0.51111,0.55351,0.59410,0.56410,0.54815,0.61481,0.51103,0.53333,0.58148,0.57196,,,,,,,,,,,,,,,,,
efficientnet_b0,weighted_loss,arm,stack_photo_qmlp,,ece,0.00000,10,0.16356,0.05006,0.14647,0.18093,0.14196,0.13175,0.25571,0.18007,0.14082,0.23363,0.08821,0.13576,0.14912,0.17857,,,,,,,,,,,,,,,,,
efficientnet_b0,weighted_loss,arm,stack_photo_qmlp,,macro_f1,1.00000,10,0.49247,0.03556,0.46062,0.51715,0.46584,0.55447,0.47003,0.54082,0.48244,0.51318,0.49242,0.47770,0.49226,0.43555,,,,,,,,,,,,,,,,,
efficientnet_b0,weighted_loss,arm,stack_q,,macro_f1,0.00000,10,0.33494,0.04073,0.31310,0.35510,0.39029,0.28033,0.39870,0.32161,0.31968,0.35013,0.29063,0.30963,0.31771,0.37066,,,,,,,,,,,,,,,,,
efficientnet_b0,weighted_loss,arm,stack_q,,balanced_acc,0.00000,10,0.45714,0.07549,0.42412,0.49073,0.56946,0.44992,0.49634,0.50047,0.48105,0.38995,0.32846,0.36328,0.52537,0.46707,,,,,,,,,,,,,,,,,
efficientnet_b0,weighted_loss,arm,stack_q,,accuracy,0.00000,10,0.42877,0.03966,0.41062,0.44828,0.43333,0.35424,0.47601,0.40293,0.40000,0.47778,0.41176,0.44815,0.41481,0.46863,,,,,,,,,,,,,,,,,
efficientnet_b0,weighted_loss,arm,stack_q,,ece,0.00000,10,0.09006,0.02215,0.07512,0.10486,0.03716,0.08028,0.08948,0.10230,0.09872,0.07448,0.10985,0.11342,0.09577,0.09915,,,,,,,,,,,,,,,,,
efficientnet_b0,weighted_loss,arm,stack_q,,macro_f1,1.00000,10,0.05389,0.05599,0.04993,0.05781,0.11864,0.00906,0.01259,0.01075,0.01264,0.00909,0.11905,0.11972,0.00909,0.11831,,,,,,,,,,,,,,,,,
efficientnet_b0,weighted_loss,paired,fusion_concat,image_only,macro_f1,0.00000,10,-0.00484,0.03436,-0.02386,0.01360,-0.05268,0.01804,0.00268,-0.04879,-0.02513,0.00917,0.04380,0.02980,-0.04030,0.01500,6.00000,0.66648,0.76953,"[-0.119, 0.013]","[-0.011, 0.050]","[-0.055, 0.062]","[-0.143, 0.024]","[-0.098, 0.049]","[-0.044, 0.060]","[-0.006, 0.100]","[-0.008, 0.071]","[-0.120, 0.052]","[-0.011, 0.042]",,,,
efficientnet_b0,weighted_loss,paired,fusion_concat,questionnaire_only,macro_f1,0.00000,10,0.13364,0.05331,0.09806,0.16862,0.09321,0.18418,0.07902,0.14505,0.12619,0.08663,0.20319,0.18835,0.05401,0.17655,10.00000,0.00002,0.00195,"[-0.032, 0.211]","[0.076, 0.300]","[-0.034, 0.197]","[0.030, 0.253]","[0.007, 0.247]","[-0.010, 0.180]","[0.108, 0.291]","[0.087, 0.281]","[-0.045, 0.159]","[0.043, 0.298]",,,,
efficientnet_b0,weighted_loss,paired,stack_photo,image_only,macro_f1,0.00000,10,-0.02301,0.03649,-0.04271,-0.00274,0.00432,-0.01553,-0.07053,-0.02036,-0.05549,0.04447,-0.01000,0.00491,-0.04626,-0.06560,3.00000,0.07729,0.06445,"[-0.061, 0.066]","[-0.092, 0.046]","[-0.125, -0.019]","[-0.072, 0.024]","[-0.115, 0.007]","[-0.010, 0.100]","[-0.060, 0.038]","[-0.041, 0.053]","[-0.126, 0.048]","[-0.148, 0.028]",,,,
efficientnet_b0,weighted_loss,paired,stack_photo,questionnaire_only,macro_f1,0.00000,10,0.11547,0.05441,0.08249,0.14633,0.15022,0.15060,0.00580,0.17347,0.09583,0.12193,0.14939,0.16347,0.04805,0.09595,10.00000,0.00009,0.00195,"[0.026, 0.263]","[0.051, 0.260]","[-0.106, 0.121]","[0.081, 0.268]","[-0.024, 0.219]","[0.025, 0.216]","[0.050, 0.241]","[0.061, 0.258]","[-0.052, 0.158]","[0.005, 0.184]",,,,
efficientnet_b0,weighted_loss,paired,stack_photo_q,image_only,macro_f1,0.00000,10,-0.04271,0.04341,-0.07032,-0.01333,0.03153,-0.09608,-0.03395,-0.04741,-0.07000,0.02959,-0.07133,-0.03087,-0.06039,-0.07817,2.00000,0.01249,0.01367,"[-0.045, 0.114]","[-0.202, 0.007]","[-0.101, 0.028]","[-0.140, 0.042]","[-0.151, 0.014]","[-0.076, 0.120]","[-0.157, 0.008]","[-0.095, 0.033]","[-0.152, 0.049]","[-0.180, 0.038]",,,,
efficientnet_b0,weighted_loss,paired,stack_photo_q,questionnaire_only,macro_f1,0.00000,10,0.09577,0.04489,0.06733,0.12422,0.17743,0.07005,0.04238,0.14642,0.08132,0.10705,0.08806,0.12769,0.03392,0.08339,10.00000,0.00008,0.00195,"[0.085, 0.266]","[-0.009, 0.158]","[-0.063, 0.154]","[0.074, 0.219]","[-0.025, 0.193]","[0.026, 0.183]","[0.000, 0.175]","[0.044, 0.209]","[-0.045, 0.117]","[-0.016, 0.178]",,,,
efficientnet_b0,weighted_loss,paired,stack_photo_qmlp,image_only,macro_f1,0.00000,10,-0.02780,0.03415,-0.05015,-0.00415,0.02117,-0.03539,-0.02019,-0.06850,-0.05242,0.03464,-0.03523,-0.01275,-0.04785,-0.06148,2.00000,0.02995,0.03711,"[-0.035, 0.080]","[-0.120, 0.042]","[-0.075, 0.033]","[-0.149, 0.002]","[-0.119, 0.018]","[-0.062, 0.111]","[-0.090, 0.019]","[-0.069, 0.042]","[-0.131, 0.049]","[-0.143, 0.035]",,,,
efficientnet_b0,weighted_loss,paired,stack_photo_qmlp,questionnaire_only,macro_f1,0.00000,10,0.11068,0.03736,0.07969,0.14227,0.16707,0.13074,0.05614,0.12533,0.09889,0.11210,0.12416,0.14580,0.04646,0.10008,10.00000,0.00001,0.00195,"[0.042, 0.278]","[0.036, 0.231]","[-0.057, 0.170]","[0.049, 0.199]","[-0.021, 0.219]","[0.027, 0.193]","[0.032, 0.212]","[0.052, 0.238]","[-0.054, 0.155]","[0.014, 0.189]",,,,
efficientnet_b0,weighted_loss,paired,image_only,questionnaire_only,macro_f1,0.00000,10,0.13848,0.04077,0.10211,0.17288,0.14590,0.16614,0.07634,0.19383,0.15132,0.07746,0.15939,0.15856,0.09431,0.16156,10.00000,0.00000,0.00195,"[0.019, 0.264]","[0.056, 0.280]","[-0.039, 0.198]","[0.098, 0.290]","[0.033, 0.275]","[-0.020, 0.173]","[0.063, 0.249]","[0.059, 0.253]","[-0.036, 0.217]","[0.025, 0.278]",,,,
efficientnet_b0,weighted_loss,paired,stack_photo,fusion_concat,macro_f1,0.00000,10,-0.01817,0.04650,-0.03794,0.00272,0.05701,-0.03358,-0.07322,0.02842,-0.03036,0.03530,-0.05380,-0.02488,-0.00596,-0.08060,3.00000,0.24793,0.32227,"[-0.013, 0.124]","[-0.109, 0.030]","[-0.139, -0.012]","[-0.058, 0.125]","[-0.092, 0.034]","[-0.014, 0.089]","[-0.108, -0.004]","[-0.067, 0.017]","[-0.050, 0.035]","[-0.164, 0.009]",,,,
efficientnet_b0,weighted_loss,paired,stack_photo_q,fusion_concat,macro_f1,0.00000,10,-0.03787,0.06287,-0.06604,-0.00933,0.08422,-0.11413,-0.03663,0.00137,-0.04487,0.02042,-0.11513,-0.06067,-0.02009,-0.09317,3.00000,0.08920,0.10547,"[0.000, 0.171]","[-0.217, -0.012]","[-0.111, 0.038]","[-0.090, 0.104]","[-0.124, 0.034]","[-0.081, 0.108]","[-0.194, -0.047]","[-0.129, 0.001]","[-0.085, 0.042]","[-0.194, 0.022]",,,,
efficientnet_b0,weighted_loss,paired,stack_photo_qmlp,fusion_concat,macro_f1,0.00000,10,-0.02296,0.04631,-0.04418,-0.00098,0.07385,-0.05344,-0.02288,-0.01972,-0.02729,0.02547,-0.07903,-0.04255,-0.00756,-0.07648,2.00000,0.15138,0.13086,"[0.012, 0.137]","[-0.137, 0.023]","[-0.087, 0.038]","[-0.101, 0.066]","[-0.092, 0.044]","[-0.062, 0.100]","[-0.140, -0.027]","[-0.099, 0.010]","[-0.043, 0.029]","[-0.159, 0.018]",,,,
efficientnet_b0,weighted_loss,paired,stack_photo_q,stack_photo,macro_f1,0.00000,10,-0.01970,0.03535,-0.04353,0.00566,0.02721,-0.08055,0.03658,-0.02705,-0.01451,-0.01488,-0.06133,-0.03578,-0.01413,-0.01257,2.00000,0.11186,0.19336,"[-0.047, 0.107]","[-0.173, 0.012]","[-0.017, 0.090]","[-0.117, 0.066]","[-0.094, 0.065]","[-0.109, 0.061]","[-0.141, 0.009]","[-0.102, 0.025]","[-0.085, 0.053]","[-0.101, 0.077]",,,,
efficientnet_b0,weighted_loss,paired,stack_photo_qmlp,stack_photo,macro_f1,0.00000,10,-0.00480,0.02661,-0.02025,0.01087,0.01685,-0.01986,0.05034,-0.04814,0.00306,-0.00983,-0.02523,-0.01767,-0.00159,0.00413,4.00000,0.58275,0.49219,"[-0.024, 0.065]","[-0.073, 0.038]","[0.020, 0.083]","[-0.120, 0.013]","[-0.056, 0.060]","[-0.085, 0.043]","[-0.070, 0.015]","[-0.069, 0.028]","[-0.033, 0.034]","[-0.039, 0.045]",,,,
efficientnet_b0,weighted_loss,arm_group,image_only,,macro_f1,0.00000,10,0.51256,0.04471,0.46617,0.53961,,,,,,,,,,,,,,,,,,,,,,,,eFST,I-II,117.10000,
efficientnet_b0,weighted_loss,arm_group,image_only,,macro_f1,0.00000,10,0.55257,0.07344,0.50220,0.58587,,,,,,,,,,,,,,,,,,,,,,,,eFST,III-IV,120.10000,
efficientnet_b0,weighted_loss,arm_group,image_only,,macro_f1,0.00000,10,0.49621,0.14019,0.43684,0.58422,,,,,,,,,,,,,,,,,,,,,,,,eFST,V-VI,22.60000,
efficientnet_b0,weighted_loss,arm_group,image_only,,macro_f1,0.00000,10,0.53413,0.04711,0.49756,0.56024,,,,,,,,,,,,,,,,,,,,,,,,eMST,1-3,186.60000,
efficientnet_b0,weighted_loss,arm_group,image_only,,macro_f1,0.00000,10,0.45701,0.06908,0.42271,0.50834,,,,,,,,,,,,,,,,,,,,,,,,eMST,4-6,72.30000,
efficientnet_b0,weighted_loss,arm_group,image_only,,macro_f1,0.00000,10,0.67806,0.13350,0.59055,0.76733,,,,,,,,,,,,,,,,,,,,,,,,eMST,7-10,11.40000,
efficientnet_b0,weighted_loss,arm_class,image_only,,f1,0.00000,10,0.31997,0.06405,0.27440,0.36068,,,,,,,,,,,,,,,,,,,,,,,,class,acne,22.00000,
efficientnet_b0,weighted_loss,arm_class,image_only,,f1,0.00000,10,0.68892,0.01769,0.66848,0.70718,,,,,,,,,,,,,,,,,,,,,,,,class,eczema_dermatitis,159.30000,
efficientnet_b0,weighted_loss,arm_class,image_only,,f1,0.00000,10,0.43462,0.04308,0.40283,0.46178,,,,,,,,,,,,,,,,,,,,,,,,class,normal_other,83.80000,
efficientnet_b0,weighted_loss,arm_class,image_only,,f1,0.00000,10,0.63295,0.10084,0.52074,0.71066,,,,,,,,,,,,,,,,,,,,,,,,class,redness_rosacea,5.70000,
efficientnet_b0,weighted_loss,arm_group,questionnaire_only,,macro_f1,0.00000,10,0.38820,0.07997,0.34342,0.41782,,,,,,,,,,,,,,,,,,,,,,,,eFST,I-II,117.10000,
efficientnet_b0,weighted_loss,arm_group,questionnaire_only,,macro_f1,0.00000,10,0.36542,0.08619,0.34011,0.41689,,,,,,,,,,,,,,,,,,,,,,,,eFST,III-IV,120.10000,
efficientnet_b0,weighted_loss,arm_group,questionnaire_only,,macro_f1,0.00000,10,0.42622,0.12303,0.36637,0.50005,,,,,,,,,,,,,,,,,,,,,,,,eFST,V-VI,22.60000,
efficientnet_b0,weighted_loss,arm_group,questionnaire_only,,macro_f1,0.00000,10,0.38369,0.05257,0.34402,0.40997,,,,,,,,,,,,,,,,,,,,,,,,eMST,1-3,186.60000,
efficientnet_b0,weighted_loss,arm_group,questionnaire_only,,macro_f1,0.00000,10,0.40713,0.08256,0.37362,0.45744,,,,,,,,,,,,,,,,,,,,,,,,eMST,4-6,72.30000,
efficientnet_b0,weighted_loss,arm_group,questionnaire_only,,macro_f1,0.00000,10,0.48120,0.12462,0.38961,0.58461,,,,,,,,,,,,,,,,,,,,,,,,eMST,7-10,11.40000,
efficientnet_b0,weighted_loss,arm_class,questionnaire_only,,f1,0.00000,10,0.20681,0.10161,0.16182,0.24593,,,,,,,,,,,,,,,,,,,,,,,,class,acne,22.00000,
efficientnet_b0,weighted_loss,arm_class,questionnaire_only,,f1,0.00000,10,0.58901,0.04340,0.56663,0.60891,,,,,,,,,,,,,,,,,,,,,,,,class,eczema_dermatitis,159.30000,
efficientnet_b0,weighted_loss,arm_class,questionnaire_only,,f1,0.00000,10,0.42412,0.05001,0.39586,0.45036,,,,,,,,,,,,,,,,,,,,,,,,class,normal_other,83.80000,
efficientnet_b0,weighted_loss,arm_class,questionnaire_only,,f1,0.00000,10,0.30259,0.12701,0.20583,0.37849,,,,,,,,,,,,,,,,,,,,,,,,class,redness_rosacea,5.70000,
efficientnet_b0,weighted_loss,arm_group,fusion_concat,,macro_f1,0.00000,10,0.51347,0.05032,0.46750,0.54103,,,,,,,,,,,,,,,,,,,,,,,,eFST,I-II,117.10000,
efficientnet_b0,weighted_loss,arm_group,fusion_concat,,macro_f1,0.00000,10,0.54003,0.07918,0.48606,0.57429,,,,,,,,,,,,,,,,,,,,,,,,eFST,III-IV,120.10000,
efficientnet_b0,weighted_loss,arm_group,fusion_concat,,macro_f1,0.00000,10,0.48873,0.09488,0.42273,0.57362,,,,,,,,,,,,,,,,,,,,,,,,eFST,V-VI,22.60000,
efficientnet_b0,weighted_loss,arm_group,fusion_concat,,macro_f1,0.00000,10,0.53425,0.04184,0.49481,0.56043,,,,,,,,,,,,,,,,,,,,,,,,eMST,1-3,186.60000,
efficientnet_b0,weighted_loss,arm_group,fusion_concat,,macro_f1,0.00000,10,0.44446,0.06807,0.40278,0.49580,,,,,,,,,,,,,,,,,,,,,,,,eMST,4-6,72.30000,
efficientnet_b0,weighted_loss,arm_group,fusion_concat,,macro_f1,0.00000,10,0.68211,0.16947,0.59724,0.76777,,,,,,,,,,,,,,,,,,,,,,,,eMST,7-10,11.40000,
efficientnet_b0,weighted_loss,arm_class,fusion_concat,,f1,0.00000,10,0.30386,0.08801,0.25493,0.34683,,,,,,,,,,,,,,,,,,,,,,,,class,acne,22.00000,
efficientnet_b0,weighted_loss,arm_class,fusion_concat,,f1,0.00000,10,0.67743,0.06921,0.65671,0.69770,,,,,,,,,,,,,,,,,,,,,,,,class,eczema_dermatitis,159.30000,
efficientnet_b0,weighted_loss,arm_class,fusion_concat,,f1,0.00000,10,0.44710,0.05377,0.41382,0.47573,,,,,,,,,,,,,,,,,,,,,,,,class,normal_other,83.80000,
efficientnet_b0,weighted_loss,arm_class,fusion_concat,,f1,0.00000,10,0.62870,0.10786,0.51185,0.70348,,,,,,,,,,,,,,,,,,,,,,,,class,redness_rosacea,5.70000,
efficientnet_b0,weighted_loss,arm_group,stack_photo,,macro_f1,0.00000,10,0.50138,0.05981,0.45741,0.52713,,,,,,,,,,,,,,,,,,,,,,,,eFST,I-II,117.10000,
efficientnet_b0,weighted_loss,arm_group,stack_photo,,macro_f1,0.00000,10,0.49386,0.08004,0.46159,0.53874,,,,,,,,,,,,,,,,,,,,,,,,eFST,III-IV,120.10000,
efficientnet_b0,weighted_loss,arm_group,stack_photo,,macro_f1,0.00000,10,0.51500,0.09407,0.44591,0.59539,,,,,,,,,,,,,,,,,,,,,,,,eFST,V-VI,22.60000,
efficientnet_b0,weighted_loss,arm_group,stack_photo,,macro_f1,0.00000,10,0.51470,0.04533,0.47942,0.53942,,,,,,,,,,,,,,,,,,,,,,,,eMST,1-3,186.60000,
efficientnet_b0,weighted_loss,arm_group,stack_photo,,macro_f1,0.00000,10,0.45176,0.05761,0.42159,0.50357,,,,,,,,,,,,,,,,,,,,,,,,eMST,4-6,72.30000,
efficientnet_b0,weighted_loss,arm_group,stack_photo,,macro_f1,0.00000,10,0.64875,0.16997,0.55665,0.73778,,,,,,,,,,,,,,,,,,,,,,,,eMST,7-10,11.40000,
efficientnet_b0,weighted_loss,arm_class,stack_photo,,f1,0.00000,10,0.31372,0.07193,0.26737,0.35575,,,,,,,,,,,,,,,,,,,,,,,,class,acne,22.00000,
efficientnet_b0,weighted_loss,arm_class,stack_photo,,f1,0.00000,10,0.69052,0.02233,0.67164,0.70965,,,,,,,,,,,,,,,,,,,,,,,,class,eczema_dermatitis,159.30000,
efficientnet_b0,weighted_loss,arm_class,stack_photo,,f1,0.00000,10,0.41186,0.06016,0.38006,0.44060,,,,,,,,,,,,,,,,,,,,,,,,class,normal_other,83.80000,
efficientnet_b0,weighted_loss,arm_class,stack_photo,,f1,0.00000,10,0.56834,0.11298,0.46636,0.64578,,,,,,,,,,,,,,,,,,,,,,,,class,redness_rosacea,5.70000,
efficientnet_b0,weighted_loss,arm_group,stack_photo_q,,macro_f1,0.00000,10,0.47100,0.05478,0.42765,0.49942,,,,,,,,,,,,,,,,,,,,,,,,eFST,I-II,117.10000,
efficientnet_b0,weighted_loss,arm_group,stack_photo_q,,macro_f1,0.00000,10,0.50339,0.05920,0.46125,0.54693,,,,,,,,,,,,,,,,,,,,,,,,eFST,III-IV,120.10000,
efficientnet_b0,weighted_loss,arm_group,stack_photo_q,,macro_f1,0.00000,10,0.48502,0.09371,0.42451,0.57251,,,,,,,,,,,,,,,,,,,,,,,,eFST,V-VI,22.60000,
efficientnet_b0,weighted_loss,arm_group,stack_photo_q,,macro_f1,0.00000,10,0.48542,0.04549,0.44637,0.51101,,,,,,,,,,,,,,,,,,,,,,,,eMST,1-3,186.60000,
efficientnet_b0,weighted_loss,arm_group,stack_photo_q,,macro_f1,0.00000,10,0.46019,0.06518,0.42706,0.51255,,,,,,,,,,,,,,,,,,,,,,,,eMST,4-6,72.30000,
efficientnet_b0,weighted_loss,arm_group,stack_photo_q,,macro_f1,0.00000,10,0.53578,0.13535,0.44277,0.64270,,,,,,,,,,,,,,,,,,,,,,,,eMST,7-10,11.40000,
efficientnet_b0,weighted_loss,arm_class,stack_photo_q,,f1,0.00000,10,0.29587,0.08271,0.24893,0.33870,,,,,,,,,,,,,,,,,,,,,,,,class,acne,22.00000,
efficientnet_b0,weighted_loss,arm_class,stack_photo_q,,f1,0.00000,10,0.66311,0.03006,0.64325,0.68276,,,,,,,,,,,,,,,,,,,,,,,,class,eczema_dermatitis,159.30000,
efficientnet_b0,weighted_loss,arm_class,stack_photo_q,,f1,0.00000,10,0.43038,0.04662,0.39898,0.45825,,,,,,,,,,,,,,,,,,,,,,,,class,normal_other,83.80000,
efficientnet_b0,weighted_loss,arm_class,stack_photo_q,,f1,0.00000,10,0.51626,0.11479,0.41042,0.59357,,,,,,,,,,,,,,,,,,,,,,,,class,redness_rosacea,5.70000,
efficientnet_b0,weighted_loss,arm_group,stack_photo_qmlp,,macro_f1,0.00000,10,0.48060,0.04755,0.43556,0.50671,,,,,,,,,,,,,,,,,,,,,,,,eFST,I-II,117.10000,
efficientnet_b0,weighted_loss,arm_group,stack_photo_qmlp,,macro_f1,0.00000,10,0.50463,0.05165,0.47332,0.55426,,,,,,,,,,,,,,,,,,,,,,,,eFST,III-IV,120.10000,
efficientnet_b0,weighted_loss,arm_group,stack_photo_qmlp,,macro_f1,0.00000,10,0.52083,0.07735,0.45955,0.61551,,,,,,,,,,,,,,,,,,,,,,,,eFST,V-VI,22.60000,
efficientnet_b0,weighted_loss,arm_group,stack_photo_qmlp,,macro_f1,0.00000,10,0.49904,0.03241,0.46062,0.52450,,,,,,,,,,,,,,,,,,,,,,,,eMST,1-3,186.60000,
efficientnet_b0,weighted_loss,arm_group,stack_photo_qmlp,,macro_f1,0.00000,10,0.46689,0.03788,0.43393,0.51985,,,,,,,,,,,,,,,,,,,,,,,,eMST,4-6,72.30000,
efficientnet_b0,weighted_loss,arm_group,stack_photo_qmlp,,macro_f1,0.00000,10,0.69974,0.15562,0.61330,0.78665,,,,,,,,,,,,,,,,,,,,,,,,eMST,7-10,11.40000,
efficientnet_b0,weighted_loss,arm_class,stack_photo_qmlp,,f1,0.00000,10,0.30352,0.07164,0.25590,0.34521,,,,,,,,,,,,,,,,,,,,,,,,class,acne,22.00000,
efficientnet_b0,weighted_loss,arm_class,stack_photo_qmlp,,f1,0.00000,10,0.68219,0.03441,0.66132,0.70047,,,,,,,,,,,,,,,,,,,,,,,,class,eczema_dermatitis,159.30000,
efficientnet_b0,weighted_loss,arm_class,stack_photo_qmlp,,f1,0.00000,10,0.44709,0.04933,0.41591,0.47541,,,,,,,,,,,,,,,,,,,,,,,,class,normal_other,83.80000,
efficientnet_b0,weighted_loss,arm_class,stack_photo_qmlp,,f1,0.00000,10,0.53243,0.11521,0.42772,0.60838,,,,,,,,,,,,,,,,,,,,,,,,class,redness_rosacea,5.70000,
efficientnet_b0,weighted_loss,arm_group,stack_q,,macro_f1,0.00000,10,0.34348,0.06593,0.30942,0.37070,,,,,,,,,,,,,,,,,,,,,,,,eFST,I-II,117.10000,
efficientnet_b0,weighted_loss,arm_group,stack_q,,macro_f1,0.00000,10,0.32880,0.06408,0.31730,0.38306,,,,,,,,,,,,,,,,,,,,,,,,eFST,III-IV,120.10000,
efficientnet_b0,weighted_loss,arm_group,stack_q,,macro_f1,0.00000,10,0.41095,0.15201,0.35514,0.48967,,,,,,,,,,,,,,,,,,,,,,,,eFST,V-VI,22.60000,
efficientnet_b0,weighted_loss,arm_group,stack_q,,macro_f1,0.00000,10,0.33688,0.04061,0.30697,0.36067,,,,,,,,,,,,,,,,,,,,,,,,eMST,1-3,186.60000,
efficientnet_b0,weighted_loss,arm_group,stack_q,,macro_f1,0.00000,10,0.37327,0.07277,0.34350,0.42187,,,,,,,,,,,,,,,,,,,,,,,,eMST,4-6,72.30000,
efficientnet_b0,weighted_loss,arm_group,stack_q,,macro_f1,0.00000,10,0.43017,0.12469,0.33813,0.52883,,,,,,,,,,,,,,,,,,,,,,,,eMST,7-10,11.40000,
efficientnet_b0,weighted_loss,arm_class,stack_q,,f1,0.00000,10,0.23513,0.07557,0.19067,0.27258,,,,,,,,,,,,,,,,,,,,,,,,class,acne,22.00000,
efficientnet_b0,weighted_loss,arm_class,stack_q,,f1,0.00000,10,0.55053,0.03757,0.52691,0.57217,,,,,,,,,,,,,,,,,,,,,,,,class,eczema_dermatitis,159.30000,
efficientnet_b0,weighted_loss,arm_class,stack_q,,f1,0.00000,10,0.37154,0.08048,0.33979,0.39939,,,,,,,,,,,,,,,,,,,,,,,,class,normal_other,83.80000,
efficientnet_b0,weighted_loss,arm_class,stack_q,,f1,0.00000,10,0.18254,0.09753,0.12442,0.23445,,,,,,,,,,,,,,,,,,,,,,,,class,redness_rosacea,5.70000,
efficientnet_b0,weighted_loss,paired_group,questionnaire_only,image_only,macro_f1,0.00000,10,-0.12436,0.06209,-0.17181,-0.07295,,,,,,,,,,,0.00000,0.00014,,,,,,,,,,,,eFST,I-II,117.10000,0.00081
efficientnet_b0,weighted_loss,paired_group,questionnaire_only,image_only,macro_f1,0.00000,10,-0.18715,0.09112,-0.22079,-0.10980,,,,,,,,,,,0.00000,0.00011,,,,,,,,,,,,eFST,III-IV,120.10000,0.00078
efficientnet_b0,weighted_loss,paired_group,questionnaire_only,image_only,macro_f1,0.00000,10,-0.07000,0.18162,-0.16467,0.01103,,,,,,,,,,,4.00000,0.25391,,,,,,,,,,,,eFST,V-VI,22.60000,0.50782
efficientnet_b0,weighted_loss,paired_group,questionnaire_only,image_only,macro_f1,0.00000,10,-0.15044,0.05811,-0.19214,-0.10926,,,,,,,,,,,0.00000,0.00002,,,,,,,,,,,,eMST,1-3,186.60000,0.00017
efficientnet_b0,weighted_loss,paired_group,questionnaire_only,image_only,macro_f1,0.00000,10,-0.04988,0.10484,-0.10612,0.00289,,,,,,,,,,,2.00000,0.16670,,,,,,,,,,,,eMST,4-6,72.30000,0.50011
efficientnet_b0,weighted_loss,paired_group,questionnaire_only,image_only,macro_f1,0.00000,10,-0.19686,0.10320,-0.32010,-0.06810,,,,,,,,,,,0.00000,0.00019,,,,,,,,,,,,eMST,7-10,11.40000,0.00097
efficientnet_b0,weighted_loss,paired_class,questionnaire_only,image_only,f1,0.00000,10,-0.11316,0.10683,-0.16799,-0.05611,,,,,,,,,,,2.00000,0.00853,,,,,,,,,,,,class,acne,22.00000,0.03412
efficientnet_b0,weighted_loss,paired_class,questionnaire_only,image_only,f1,0.00000,10,-0.09990,0.04316,-0.12654,-0.07426,,,,,,,,,,,0.00000,0.00004,,,,,,,,,,,,class,eczema_dermatitis,159.30000,0.00036
efficientnet_b0,weighted_loss,paired_class,questionnaire_only,image_only,f1,0.00000,10,-0.01050,0.07984,-0.04623,0.02696,,,,,,,,,,,5.00000,0.68714,,,,,,,,,,,,class,normal_other,83.80000,0.68714
efficientnet_b0,weighted_loss,paired_class,questionnaire_only,image_only,f1,0.00000,10,-0.33035,0.10316,-0.43659,-0.21619,,,,,,,,,,,0.00000,0.00000,,,,,,,,,,,,class,redness_rosacea,5.70000,0.00003
efficientnet_b0,weighted_loss,paired_group,fusion_concat,image_only,macro_f1,0.00000,10,0.00090,0.04478,-0.02688,0.02769,,,,,,,,,,,6.00000,0.95053,,,,,,,,,,,,eFST,I-II,117.10000,1.00000
efficientnet_b0,weighted_loss,paired_group,fusion_concat,image_only,macro_f1,0.00000,10,-0.01254,0.04260,-0.04578,0.01455,,,,,,,,,,,4.00000,0.37610,,,,,,,,,,,,eFST,III-IV,120.10000,1.00000
efficientnet_b0,weighted_loss,paired_group,fusion_concat,image_only,macro_f1,0.00000,10,-0.00748,0.08180,-0.06812,0.03921,,,,,,,,,,,6.00000,0.77891,,,,,,,,,,,,eFST,V-VI,22.60000,1.00000
efficientnet_b0,weighted_loss,paired_group,fusion_concat,image_only,macro_f1,0.00000,10,0.00012,0.04273,-0.02380,0.02169,,,,,,,,,,,6.00000,0.99306,,,,,,,,,,,,eMST,1-3,186.60000,1.00000
efficientnet_b0,weighted_loss,paired_group,fusion_concat,image_only,macro_f1,0.00000,10,-0.01255,0.03048,-0.05023,0.01720,,,,,,,,,,,4.00000,0.22527,,,,,,,,,,,,eMST,4-6,72.30000,1.00000
efficientnet_b0,weighted_loss,paired_group,fusion_concat,image_only,macro_f1,0.00000,10,0.00405,0.10894,-0.07426,0.08376,,,,,,,,,,,5.00000,0.90895,,,,,,,,,,,,eMST,7-10,11.40000,1.00000
efficientnet_b0,weighted_loss,paired_class,fusion_concat,image_only,f1,0.00000,10,-0.01610,0.06173,-0.05251,0.01884,,,,,,,,,,,4.00000,0.43067,,,,,,,,,,,,class,acne,22.00000,1.00000
efficientnet_b0,weighted_loss,paired_class,fusion_concat,image_only,f1,0.00000,10,-0.01149,0.06661,-0.02479,0.00331,,,,,,,,,,,5.00000,0.59864,,,,,,,,,,,,class,eczema_dermatitis,159.30000,1.00000
efficientnet_b0,weighted_loss,paired_class,fusion_concat,image_only,f1,0.00000,10,0.01248,0.06279,-0.01161,0.03798,,,,,,,,,,,6.00000,0.54513,,,,,,,,,,,,class,normal_other,83.80000,1.00000
efficientnet_b0,weighted_loss,paired_class,fusion_concat,image_only,f1,0.00000,10,-0.00425,0.06901,-0.05410,0.04287,,,,,,,,,,,4.00000,0.84993,,,,,,,,,,,,class,redness_rosacea,5.70000,1.00000
efficientnet_b0,weighted_loss,paired_group,stack_photo,image_only,macro_f1,0.00000,10,-0.01119,0.03213,-0.03957,0.01855,,,,,,,,,,,4.00000,0.29954,,,,,,,,,,,,eFST,I-II,117.10000,1.00000
efficientnet_b0,weighted_loss,paired_group,stack_photo,image_only,macro_f1,0.00000,10,-0.05871,0.06060,-0.07675,-0.01135,,,,,,,,,,,1.00000,0.01349,,,,,,,,,,,,eFST,III-IV,120.10000,0.13488
efficientnet_b0,weighted_loss,paired_group,stack_photo,image_only,macro_f1,0.00000,10,0.01878,0.13456,-0.05849,0.07823,,,,,,,,,,,4.00000,0.66931,,,,,,,,,,,,eFST,V-VI,22.60000,1.00000
efficientnet_b0,weighted_loss,paired_group,stack_photo,image_only,macro_f1,0.00000,10,-0.01943,0.04008,-0.04188,0.00401,,,,,,,,,,,4.00000,0.15966,,,,,,,,,,,,eMST,1-3,186.60000,1.00000
efficientnet_b0,weighted_loss,paired_group,stack_photo,image_only,macro_f1,0.00000,10,-0.00525,0.06845,-0.03700,0.03097,,,,,,,,,,,4.00000,0.81374,,,,,,,,,,,,eMST,4-6,72.30000,1.00000
efficientnet_b0,weighted_loss,paired_group,stack_photo,image_only,macro_f1,0.00000,10,-0.02931,0.12869,-0.11349,0.06176,,,,,,,,,,,2.00000,0.48961,,,,,,,,,,,,eMST,7-10,11.40000,1.00000
efficientnet_b0,weighted_loss,paired_class,stack_photo,image_only,f1,0.00000,10,-0.00625,0.06667,-0.04159,0.02764,,,,,,,,,,,4.00000,0.77366,,,,,,,,,,,,class,acne,22.00000,1.00000
efficientnet_b0,weighted_loss,paired_class,stack_photo,image_only,f1,0.00000,10,0.00160,0.02997,-0.01219,0.01648,,,,,,,,,,,6.00000,0.86984,,,,,,,,,,,,class,eczema_dermatitis,159.30000,1.00000
efficientnet_b0,weighted_loss,paired_class,stack_photo,image_only,f1,0.00000,10,-0.02276,0.05876,-0.04915,0.00584,,,,,,,,,,,3.00000,0.25161,,,,,,,,,,,,class,normal_other,83.80000,1.00000
efficientnet_b0,weighted_loss,paired_class,stack_photo,image_only,f1,0.00000,10,-0.06461,0.08802,-0.11555,-0.00624,,,,,,,,,,,2.00000,0.04539,,,,,,,,,,,,class,redness_rosacea,5.70000,0.40851
efficientnet_b0,weighted_loss,paired_group,stack_photo_q,image_only,macro_f1,0.00000,10,-0.04156,0.04287,-0.07982,-0.00039,,,,,,,,,,,2.00000,0.01344,,,,,,,,,,,,eFST,I-II,117.10000,0.09411
efficientnet_b0,weighted_loss,paired_group,stack_photo_q,image_only,macro_f1,0.00000,10,-0.04918,0.06621,-0.08293,0.00071,,,,,,,,,,,2.00000,0.04338,,,,,,,,,,,,eFST,III-IV,120.10000,0.26031
efficientnet_b0,weighted_loss,paired_group,stack_photo_q,image_only,macro_f1,0.00000,10,-0.01119,0.17620,-0.07849,0.05871,,,,,,,,,,,5.00000,0.84526,,,,,,,,,,,,eFST,V-VI,22.60000,1.00000
efficientnet_b0,weighted_loss,paired_group,stack_photo_q,image_only,macro_f1,0.00000,10,-0.04871,0.04204,-0.08421,-0.01752,,,,,,,,,,,1.00000,0.00521,,,,,,,,,,,,eMST,1-3,186.60000,0.04685
efficientnet_b0,weighted_loss,paired_group,stack_photo_q,image_only,macro_f1,0.00000,10,0.00318,0.05869,-0.03863,0.04674,,,,,,,,,,,6.00000,0.86760,,,,,,,,,,,,eMST,4-6,72.30000,1.00000
efficientnet_b0,weighted_loss,paired_group,stack_photo_q,image_only,macro_f1,0.00000,10,-0.14228,0.10358,-0.24696,-0.02260,,,,,,,,,,,1.00000,0.00187,,,,,,,,,,,,eMST,7-10,11.40000,0.01867
efficientnet_b0,weighted_loss,paired_class,stack_photo_q,image_only,f1,0.00000,10,-0.02410,0.06870,-0.07144,0.02077,,,,,,,,,,,3.00000,0.29607,,,,,,,,,,,,class,acne,22.00000,1.00000
efficientnet_b0,weighted_loss,paired_class,stack_photo_q,image_only,f1,0.00000,10,-0.02581,0.04098,-0.04532,-0.00549,,,,,,,,,,,4.00000,0.07760,,,,,,,,,,,,class,eczema_dermatitis,159.30000,0.38799
efficientnet_b0,weighted_loss,paired_class,stack_photo_q,image_only,f1,0.00000,10,-0.00424,0.07013,-0.03666,0.03103,,,,,,,,,,,6.00000,0.85278,,,,,,,,,,,,class,normal_other,83.80000,1.00000
efficientnet_b0,weighted_loss,paired_class,stack_photo_q,image_only,f1,0.00000,10,-0.11669,0.10838,-0.19678,-0.03552,,,,,,,,,,,1.00000,0.00782,,,,,,,,,,,,class,redness_rosacea,5.70000,0.06253
efficientnet_b0,weighted_loss,paired_group,stack_photo_qmlp,image_only,macro_f1,0.00000,10,-0.03196,0.03685,-0.06507,0.00177,,,,,,,,,,,2.00000,0.02273,,,,,,,,,,,,eFST,I-II,117.10000,0.18185
efficientnet_b0,weighted_loss,paired_group,stack_photo_qmlp,image_only,macro_f1,0.00000,10,-0.04794,0.07209,-0.06867,0.00609,,,,,,,,,,,3.00000,0.06478,,,,,,,,,,,,eFST,III-IV,120.10000,0.45348
efficientnet_b0,weighted_loss,paired_group,stack_photo_qmlp,image_only,macro_f1,0.00000,10,0.02461,0.15874,-0.04157,0.09136,,,,,,,,,,,5.00000,0.63568,,,,,,,,,,,,eFST,V-VI,22.60000,1.00000
efficientnet_b0,weighted_loss,paired_group,stack_photo_qmlp,image_only,macro_f1,0.00000,10,-0.03509,0.03487,-0.06277,-0.00701,,,,,,,,,,,2.00000,0.01115,,,,,,,,,,,,eMST,1-3,186.60000,0.11152
efficientnet_b0,weighted_loss,paired_group,stack_photo_qmlp,image_only,macro_f1,0.00000,10,0.00988,0.05817,-0.02812,0.05000,,,,,,,,,,,4.00000,0.60426,,,,,,,,,,,,eMST,4-6,72.30000,1.00000
efficientnet_b0,weighted_loss,paired_group,stack_photo_qmlp,image_only,macro_f1,0.00000,10,0.02168,0.10082,-0.05983,0.11484,,,,,,,,,,,6.00000,0.51359,,,,,,,,,,,,eMST,7-10,11.40000,1.00000
efficientnet_b0,weighted_loss,paired_class,stack_photo_qmlp,image_only,f1,0.00000,10,-0.01644,0.07923,-0.05356,0.01846,,,,,,,,,,,3.00000,0.52806,,,,,,,,,,,,class,acne,22.00000,1.00000
efficientnet_b0,weighted_loss,paired_class,stack_photo_qmlp,image_only,f1,0.00000,10,-0.00672,0.03864,-0.02201,0.00894,,,,,,,,,,,5.00000,0.59549,,,,,,,,,,,,class,eczema_dermatitis,159.30000,1.00000
efficientnet_b0,weighted_loss,paired_class,stack_photo_qmlp,image_only,f1,0.00000,10,0.01248,0.06168,-0.01670,0.04181,,,,,,,,,,,7.00000,0.53838,,,,,,,,,,,,class,normal_other,83.80000,1.00000
efficientnet_b0,weighted_loss,paired_class,stack_photo_qmlp,image_only,f1,0.00000,10,-0.10052,0.10346,-0.16508,-0.03223,,,,,,,,,,,1.00000,0.01331,,,,,,,,,,,,class,redness_rosacea,5.70000,0.11976
efficientnet_b0,weighted_loss,paired_group,stack_q,image_only,macro_f1,0.00000,10,-0.16908,0.07664,-0.20734,-0.11998,,,,,,,,,,,0.00000,0.00006,,,,,,,,,,,,eFST,I-II,117.10000,0.00045
efficientnet_b0,weighted_loss,paired_group,stack_q,image_only,macro_f1,0.00000,10,-0.22378,0.10306,-0.24710,-0.13689,,,,,,,,,,,0.00000,0.00007,,,,,,,,,,,,eFST,III-IV,120.10000,0.00045
efficientnet_b0,weighted_loss,paired_group,stack_q,image_only,macro_f1,0.00000,10,-0.08526,0.23183,-0.16982,-0.01050,,,,,,,,,,,4.00000,0.27472,,,,,,,,,,,,eFST,V-VI,22.60000,0.27472
efficientnet_b0,weighted_loss,paired_group,stack_q,image_only,macro_f1,0.00000,10,-0.19725,0.07051,-0.23025,-0.15792,,,,,,,,,,,0.00000,0.00001,,,,,,,,,,,,eMST,1-3,186.60000,0.00008
efficientnet_b0,weighted_loss,paired_group,stack_q,image_only,macro_f1,0.00000,10,-0.08374,0.07963,-0.13257,-0.03087,,,,,,,,,,,2.00000,0.00886,,,,,,,,,,,,eMST,4-6,72.30000,0.02658
efficientnet_b0,weighted_loss,paired_group,stack_q,image_only,macro_f1,0.00000,10,-0.24789,0.15868,-0.35518,-0.13202,,,,,,,,,,,0.00000,0.00080,,,,,,,,,,,,eMST,7-10,11.40000,0.00401
efficientnet_b0,weighted_loss,paired_class,stack_q,image_only,f1,0.00000,10,-0.08484,0.06015,-0.13706,-0.03079,,,,,,,,,,,1.00000,0.00158,,,,,,,,,,,,class,acne,22.00000,0.00631
efficientnet_b0,weighted_loss,paired_class,stack_q,image_only,f1,0.00000,10,-0.13839,0.04357,-0.16513,-0.11153,,,,,,,,,,,0.00000,0.00000,,,,,,,,,,,,class,eczema_dermatitis,159.30000,0.00003
efficientnet_b0,weighted_loss,paired_class,stack_q,image_only,f1,0.00000,10,-0.06308,0.11278,-0.09893,-0.02283,,,,,,,,,,,3.00000,0.11076,,,,,,,,,,,,class,normal_other,83.80000,0.22152
efficientnet_b0,weighted_loss,paired_class,stack_q,image_only,f1,0.00000,10,-0.45040,0.14802,-0.53121,-0.35002,,,,,,,,,,,0.00000,0.00000,,,,,,,,,,,,class,redness_rosacea,5.70000,0.00004
