row_type,arm,versus,missing_pct,mean,sd,ci_low,ci_high,seed0,seed1,seed2,seed3,seed4,seed5,seed6,seed7,seed8,seed9,a_better_seeds,t_test_p,scale,group,mean_n_cases,holm_p
arm,image_only,,0.00000,0.51911,0.03981,0.48497,0.54150,0.48740,0.57655,0.51817,0.57323,0.52820,0.47439,0.48556,0.47854,0.56367,0.50541,,,,,,
arm,image_only,,0.25000,0.51911,0.03981,0.48497,0.54150,0.48740,0.57655,0.51817,0.57323,0.52820,0.47439,0.48556,0.47854,0.56367,0.50541,,,,,,
arm,image_only,,0.50000,0.51911,0.03981,0.48497,0.54150,0.48740,0.57655,0.51817,0.57323,0.52820,0.47439,0.48556,0.47854,0.56367,0.50541,,,,,,
arm,image_only,,0.75000,0.51911,0.03981,0.48497,0.54150,0.48740,0.57655,0.51817,0.57323,0.52820,0.47439,0.48556,0.47854,0.56367,0.50541,,,,,,
arm,image_only,,1.00000,0.51911,0.03981,0.48497,0.54150,0.48740,0.57655,0.51817,0.57323,0.52820,0.47439,0.48556,0.47854,0.56367,0.50541,,,,,,
arm,nodrop,,0.00000,0.50525,0.03621,0.46964,0.52897,0.43243,0.54362,0.49505,0.54641,0.49914,0.48908,0.47686,0.49813,0.54576,0.52605,,,,,,
arm,nodrop,,0.25000,0.50629,0.03478,0.47177,0.52904,0.43734,0.54599,0.50719,0.56569,0.49394,0.48867,0.49969,0.49074,0.51151,0.52210,,,,,,
arm,nodrop,,0.50000,0.50625,0.03922,0.47050,0.52825,0.43304,0.55935,0.50071,0.55427,0.49394,0.49652,0.50173,0.46814,0.54631,0.50850,,,,,,
arm,nodrop,,0.75000,0.49907,0.03580,0.46402,0.52167,0.42398,0.51847,0.49593,0.54487,0.49236,0.49739,0.48843,0.46937,0.54516,0.51474,,,,,,
arm,nodrop,,1.00000,0.50448,0.03537,0.46969,0.52705,0.42185,0.51951,0.48726,0.55040,0.49710,0.50918,0.51747,0.49041,0.54073,0.51091,,,,,,
arm,fixed,,0.00000,0.51427,0.03997,0.48153,0.53807,0.43472,0.59460,0.52086,0.52444,0.50306,0.48356,0.52936,0.50834,0.52338,0.52040,,,,,,
arm,fixed,,0.25000,0.50769,0.04251,0.47390,0.53111,0.42129,0.58794,0.52267,0.52148,0.49694,0.47804,0.52936,0.50369,0.49248,0.52304,,,,,,
arm,fixed,,0.50000,0.51114,0.04219,0.47830,0.53463,0.43462,0.59128,0.52448,0.54527,0.49536,0.48239,0.53293,0.48201,0.51072,0.51232,,,,,,
arm,fixed,,0.75000,0.50772,0.03587,0.47458,0.53168,0.43237,0.55901,0.52714,0.54063,0.49552,0.48148,0.52769,0.48550,0.51557,0.51232,,,,,,
arm,fixed,,1.00000,0.50464,0.04181,0.47190,0.52784,0.40939,0.55962,0.52350,0.54560,0.49111,0.49032,0.52584,0.47867,0.51314,0.50924,,,,,,
arm,randdrop,,0.00000,0.51029,0.03660,0.47764,0.53423,0.43933,0.56367,0.52163,0.56528,0.50269,0.48523,0.49360,0.50459,0.51424,0.51269,,,,,,
arm,randdrop,,0.25000,0.50899,0.03710,0.47604,0.53314,0.43933,0.56305,0.52426,0.56348,0.49588,0.47970,0.49146,0.50428,0.51419,0.51423,,,,,,
arm,randdrop,,0.50000,0.50774,0.03987,0.47476,0.53191,0.43712,0.56801,0.52532,0.56958,0.49588,0.48034,0.49354,0.48737,0.50601,0.51423,,,,,,
arm,randdrop,,0.75000,0.50810,0.03795,0.47528,0.53245,0.43704,0.56428,0.52714,0.56449,0.49588,0.48239,0.49692,0.49265,0.50598,0.51423,,,,,,
arm,randdrop,,1.00000,0.50704,0.03937,0.47447,0.53012,0.43490,0.57070,0.52350,0.55955,0.49710,0.49343,0.49975,0.47109,0.51300,0.50735,,,,,,
paired,randdrop,nodrop,0.00000,0.00504,0.01757,-0.00988,0.02083,0.00691,0.02005,0.02658,0.01886,0.00355,-0.00385,0.01674,0.00646,-0.03152,-0.01337,7.00000,0.38793,,,,
paired,randdrop,nodrop,0.25000,0.00270,0.01013,-0.01232,0.01791,0.00199,0.01705,0.01707,-0.00221,0.00195,-0.00897,-0.00823,0.01354,0.00268,-0.00788,6.00000,0.42097,,,,
paired,randdrop,nodrop,0.50000,0.00149,0.01906,-0.01522,0.01790,0.00408,0.00866,0.02461,0.01531,0.00195,-0.01618,-0.00818,0.01922,-0.04030,0.00573,7.00000,0.81027,,,,
paired,randdrop,nodrop,0.75000,0.00903,0.02404,-0.00789,0.02652,0.01306,0.04581,0.03122,0.01962,0.00352,-0.01500,0.00849,0.02329,-0.03917,-0.00051,7.00000,0.26510,,,,
paired,randdrop,nodrop,1.00000,0.00255,0.02547,-0.01463,0.01976,0.01305,0.05119,0.03624,0.00915,0.00000,-0.01576,-0.01771,-0.01932,-0.02772,-0.00356,4.00000,0.75834,,,,
paired,randdrop,fixed,0.00000,-0.00398,0.02089,-0.01528,0.00798,0.00462,-0.03093,0.00077,0.04084,-0.00037,0.00166,-0.03577,-0.00374,-0.00914,-0.00772,4.00000,0.56190,,,,
paired,randdrop,fixed,0.25000,0.00129,0.02282,-0.00967,0.01305,0.01804,-0.02489,0.00159,0.04200,-0.00105,0.00166,-0.03791,0.00058,0.02171,-0.00881,6.00000,0.86170,,,,
paired,randdrop,fixed,0.50000,-0.00340,0.01711,-0.01407,0.00785,0.00250,-0.02326,0.00084,0.02431,0.00053,-0.00205,-0.03939,0.00536,-0.00472,0.00191,6.00000,0.54569,,,,
paired,randdrop,fixed,0.75000,0.00038,0.01379,-0.01062,0.01168,0.00467,0.00527,0.00000,0.02386,0.00037,0.00091,-0.03077,0.00716,-0.00958,0.00191,7.00000,0.93267,,,,
paired,randdrop,fixed,1.00000,0.00240,0.01373,-0.00878,0.01399,0.02551,0.01108,0.00000,0.01395,0.00599,0.00310,-0.02608,-0.00757,-0.00013,-0.00189,5.00000,0.59470,,,,
paired,fixed,nodrop,0.00000,0.00902,0.02662,-0.00635,0.02522,0.00229,0.05097,0.02581,-0.02197,0.00393,-0.00552,0.05251,0.01020,-0.02238,-0.00565,6.00000,0.31189,,,,
paired,fixed,nodrop,0.25000,0.00141,0.02522,-0.01480,0.01832,-0.01605,0.04194,0.01548,-0.04421,0.00300,-0.01063,0.02967,0.01296,-0.01904,0.00093,6.00000,0.86392,,,,
paired,fixed,nodrop,0.50000,0.00489,0.02128,-0.01022,0.02138,0.00158,0.03192,0.02377,-0.00900,0.00142,-0.01413,0.03120,0.01386,-0.03558,0.00383,7.00000,0.48626,,,,
paired,fixed,nodrop,0.75000,0.00865,0.02334,-0.00728,0.02588,0.00839,0.04054,0.03122,-0.00424,0.00316,-0.01590,0.03925,0.01613,-0.02959,-0.00242,6.00000,0.27110,,,,
paired,fixed,nodrop,1.00000,0.00016,0.02227,-0.01542,0.01652,-0.01246,0.04010,0.03624,-0.00480,-0.00599,-0.01886,0.00837,-0.01174,-0.02759,-0.00168,3.00000,0.98243,,,,
paired,nodrop,image_only,0.00000,-0.01386,0.02518,-0.03518,0.00579,-0.05498,-0.03293,-0.02313,-0.02681,-0.02906,0.01469,-0.00871,0.01959,-0.01792,0.02065,3.00000,0.11574,,,,
paired,nodrop,image_only,0.25000,-0.01283,0.02728,-0.03495,0.00800,-0.05006,-0.03056,-0.01098,-0.00753,-0.03426,0.01428,0.01413,0.01220,-0.05216,0.01670,4.00000,0.17124,,,,
paired,nodrop,image_only,0.50000,-0.01286,0.02262,-0.03473,0.00792,-0.05436,-0.01720,-0.01746,-0.01896,-0.03426,0.02213,0.01616,-0.01040,-0.01737,0.00309,3.00000,0.10571,,,,
paired,nodrop,image_only,0.75000,-0.02004,0.02792,-0.04200,0.00137,-0.06343,-0.05809,-0.02225,-0.02836,-0.03583,0.02299,0.00287,-0.00917,-0.01852,0.00934,3.00000,0.04932,,,,
paired,nodrop,image_only,1.00000,-0.01463,0.03461,-0.03564,0.00604,-0.06555,-0.05704,-0.03091,-0.02282,-0.03109,0.03479,0.03191,0.01187,-0.02295,0.00551,4.00000,0.21412,,,,
paired,fixed,image_only,0.00000,-0.00484,0.03436,-0.02386,0.01360,-0.05268,0.01804,0.00268,-0.04879,-0.02513,0.00917,0.04380,0.02980,-0.04030,0.01500,6.00000,0.66648,,,,
paired,fixed,image_only,0.25000,-0.01142,0.04057,-0.02967,0.00665,-0.06611,0.01138,0.00450,-0.05174,-0.03126,0.00365,0.04380,0.02515,-0.07119,0.01763,6.00000,0.39661,,,,
paired,fixed,image_only,0.50000,-0.00798,0.03238,-0.02659,0.01084,-0.05278,0.01472,0.00631,-0.02796,-0.03284,0.00800,0.04737,0.00347,-0.05295,0.00692,6.00000,0.45607,,,,
paired,fixed,image_only,0.75000,-0.01139,0.03070,-0.03006,0.00677,-0.05503,-0.01755,0.00897,-0.03259,-0.03268,0.00709,0.04213,0.00696,-0.04811,0.00692,5.00000,0.27089,,,,
paired,fixed,image_only,1.00000,-0.01447,0.03479,-0.03259,0.00302,-0.07802,-0.01694,0.00533,-0.02762,-0.03708,0.01593,0.04028,0.00013,-0.05053,0.00383,5.00000,0.22088,,,,
paired,randdrop,image_only,0.00000,-0.00882,0.02535,-0.02628,0.00757,-0.04807,-0.01288,0.00345,-0.00795,-0.02550,0.01083,0.00804,0.02605,-0.04944,0.00728,5.00000,0.29980,,,,
paired,randdrop,image_only,0.25000,-0.01013,0.02559,-0.02696,0.00621,-0.04807,-0.01351,0.00609,-0.00974,-0.03231,0.00531,0.00590,0.02574,-0.04948,0.00882,5.00000,0.24243,,,,
paired,randdrop,image_only,0.50000,-0.01137,0.02581,-0.02784,0.00465,-0.05028,-0.00854,0.00715,-0.00364,-0.03231,0.00595,0.00798,0.00883,-0.05767,0.00882,5.00000,0.19702,,,,
paired,randdrop,image_only,0.75000,-0.01101,0.02682,-0.02732,0.00478,-0.05036,-0.01227,0.00897,-0.00873,-0.03231,0.00800,0.01136,0.01411,-0.05769,0.00882,5.00000,0.22647,,,,
paired,randdrop,image_only,1.00000,-0.01207,0.02518,-0.02792,0.00340,-0.05251,-0.00585,0.00533,-0.01368,-0.03109,0.01903,0.01419,-0.00744,-0.05067,0.00194,4.00000,0.16369,,,,
drop_r1_vs_r0,nodrop,same arm at r=0,1.00000,-0.00077,0.01867,-0.01635,0.01490,-0.01058,-0.02411,-0.00779,0.00399,-0.00204,0.02010,0.04061,-0.00772,-0.00503,-0.01514,3.00000,0.89915,,,,
drop_r1_vs_r0,fixed,same arm at r=0,1.00000,-0.00963,0.01733,-0.02169,0.00255,-0.02533,-0.03498,0.00264,0.02116,-0.01195,0.00676,-0.00353,-0.02967,-0.01024,-0.01117,3.00000,0.11281,,,,
drop_r1_vs_r0,randdrop,same arm at r=0,1.00000,-0.00326,0.01196,-0.00947,0.00310,-0.00444,0.00703,0.00187,-0.00573,-0.00559,0.00820,0.00616,-0.03350,-0.00123,-0.00534,4.00000,0.41165,,,,
arm_group,image_only,,0.00000,0.51256,0.04471,,,,,,,,,,,,,,,eFST,I-II,117.10000,
arm_group,image_only,,0.00000,0.55257,0.07344,,,,,,,,,,,,,,,eFST,III-IV,120.10000,
arm_group,image_only,,0.00000,0.49621,0.14019,,,,,,,,,,,,,,,eFST,V-VI,22.60000,
arm_group,image_only,,0.00000,0.53413,0.04711,,,,,,,,,,,,,,,eMST,1-3,186.60000,
arm_group,image_only,,0.00000,0.45701,0.06908,,,,,,,,,,,,,,,eMST,4-6,72.30000,
arm_group,image_only,,0.00000,0.67806,0.13350,,,,,,,,,,,,,,,eMST,7-10,11.40000,
arm_group,image_only,,1.00000,0.51256,0.04471,,,,,,,,,,,,,,,eFST,I-II,117.10000,
arm_group,image_only,,1.00000,0.55257,0.07344,,,,,,,,,,,,,,,eFST,III-IV,120.10000,
arm_group,image_only,,1.00000,0.49621,0.14019,,,,,,,,,,,,,,,eFST,V-VI,22.60000,
arm_group,image_only,,1.00000,0.53413,0.04711,,,,,,,,,,,,,,,eMST,1-3,186.60000,
arm_group,image_only,,1.00000,0.45701,0.06908,,,,,,,,,,,,,,,eMST,4-6,72.30000,
arm_group,image_only,,1.00000,0.67806,0.13350,,,,,,,,,,,,,,,eMST,7-10,11.40000,
arm_group,nodrop,,0.00000,0.48997,0.03646,,,,,,,,,,,,,,,eFST,I-II,117.10000,
arm_group,nodrop,,0.00000,0.53949,0.08176,,,,,,,,,,,,,,,eFST,III-IV,120.10000,
arm_group,nodrop,,0.00000,0.51723,0.11189,,,,,,,,,,,,,,,eFST,V-VI,22.60000,
arm_group,nodrop,,0.00000,0.51889,0.03197,,,,,,,,,,,,,,,eMST,1-3,186.60000,
arm_group,nodrop,,0.00000,0.45719,0.09014,,,,,,,,,,,,,,,eMST,4-6,72.30000,
arm_group,nodrop,,0.00000,0.71792,0.16763,,,,,,,,,,,,,,,eMST,7-10,11.40000,
arm_group,nodrop,,1.00000,0.48911,0.04529,,,,,,,,,,,,,,,eFST,I-II,117.10000,
arm_group,nodrop,,1.00000,0.53120,0.07933,,,,,,,,,,,,,,,eFST,III-IV,120.10000,
arm_group,nodrop,,1.00000,0.55524,0.12280,,,,,,,,,,,,,,,eFST,V-VI,22.60000,
arm_group,nodrop,,1.00000,0.51494,0.03366,,,,,,,,,,,,,,,eMST,1-3,186.60000,
arm_group,nodrop,,1.00000,0.46950,0.07010,,,,,,,,,,,,,,,eMST,4-6,72.30000,
arm_group,nodrop,,1.00000,0.65233,0.14983,,,,,,,,,,,,,,,eMST,7-10,11.40000,
arm_group,fixed,,0.00000,0.51347,0.05032,,,,,,,,,,,,,,,eFST,I-II,117.10000,
arm_group,fixed,,0.00000,0.54003,0.07918,,,,,,,,,,,,,,,eFST,III-IV,120.10000,
arm_group,fixed,,0.00000,0.48873,0.09488,,,,,,,,,,,,,,,eFST,V-VI,22.60000,
arm_group,fixed,,0.00000,0.53425,0.04184,,,,,,,,,,,,,,,eMST,1-3,186.60000,
arm_group,fixed,,0.00000,0.44446,0.06807,,,,,,,,,,,,,,,eMST,4-6,72.30000,
arm_group,fixed,,0.00000,0.68211,0.16947,,,,,,,,,,,,,,,eMST,7-10,11.40000,
arm_group,fixed,,1.00000,0.50157,0.04719,,,,,,,,,,,,,,,eFST,I-II,117.10000,
arm_group,fixed,,1.00000,0.53309,0.07806,,,,,,,,,,,,,,,eFST,III-IV,120.10000,
arm_group,fixed,,1.00000,0.48621,0.10351,,,,,,,,,,,,,,,eFST,V-VI,22.60000,
arm_group,fixed,,1.00000,0.51939,0.04439,,,,,,,,,,,,,,,eMST,1-3,186.60000,
arm_group,fixed,,1.00000,0.44709,0.08735,,,,,,,,,,,,,,,eMST,4-6,72.30000,
arm_group,fixed,,1.00000,0.64057,0.15899,,,,,,,,,,,,,,,eMST,7-10,11.40000,
arm_group,randdrop,,0.00000,0.50537,0.03672,,,,,,,,,,,,,,,eFST,I-II,117.10000,
arm_group,randdrop,,0.00000,0.54806,0.08343,,,,,,,,,,,,,,,eFST,III-IV,120.10000,
arm_group,randdrop,,0.00000,0.49447,0.09596,,,,,,,,,,,,,,,eFST,V-VI,22.60000,
arm_group,randdrop,,0.00000,0.52834,0.03371,,,,,,,,,,,,,,,eMST,1-3,186.60000,
arm_group,randdrop,,0.00000,0.45391,0.08192,,,,,,,,,,,,,,,eMST,4-6,72.30000,
arm_group,randdrop,,0.00000,0.70060,0.19594,,,,,,,,,,,,,,,eMST,7-10,11.40000,
arm_group,randdrop,,1.00000,0.50293,0.04130,,,,,,,,,,,,,,,eFST,I-II,117.10000,
arm_group,randdrop,,1.00000,0.54579,0.08591,,,,,,,,,,,,,,,eFST,III-IV,120.10000,
arm_group,randdrop,,1.00000,0.47535,0.08789,,,,,,,,,,,,,,,eFST,V-VI,22.60000,
arm_group,randdrop,,1.00000,0.52388,0.03630,,,,,,,,,,,,,,,eMST,1-3,186.60000,
arm_group,randdrop,,1.00000,0.45620,0.07258,,,,,,,,,,,,,,,eMST,4-6,72.30000,
arm_group,randdrop,,1.00000,0.67459,0.19565,,,,,,,,,,,,,,,eMST,7-10,11.40000,
paired_group,randdrop,nodrop,0.00000,0.01540,0.03225,,,,,,,,,,,,,6.00000,0.16536,eFST,I-II,,1.00000
paired_group,randdrop,nodrop,0.00000,0.00857,0.03047,,,,,,,,,,,,,6.00000,0.39712,eFST,III-IV,,1.00000
paired_group,randdrop,nodrop,0.00000,-0.02276,0.07909,,,,,,,,,,,,,2.00000,0.38652,eFST,V-VI,,1.00000
paired_group,randdrop,nodrop,0.00000,0.00945,0.02538,,,,,,,,,,,,,7.00000,0.26913,eMST,1-3,,1.00000
paired_group,randdrop,nodrop,0.00000,-0.00328,0.02616,,,,,,,,,,,,,3.00000,0.70139,eMST,4-6,,1.00000
paired_group,randdrop,nodrop,0.00000,-0.01732,0.07688,,,,,,,,,,,,,1.00000,0.49431,eMST,7-10,,1.00000
paired_group,randdrop,nodrop,1.00000,0.01381,0.04223,,,,,,,,,,,,,5.00000,0.32792,eFST,I-II,,1.00000
paired_group,randdrop,nodrop,1.00000,0.01459,0.03541,,,,,,,,,,,,,5.00000,0.22486,eFST,III-IV,,1.00000
paired_group,randdrop,nodrop,1.00000,-0.07989,0.10432,,,,,,,,,,,,,0.00000,0.03850,eFST,V-VI,,0.46203
paired_group,randdrop,nodrop,1.00000,0.00894,0.02868,,,,,,,,,,,,,6.00000,0.34995,eMST,1-3,,1.00000
paired_group,randdrop,nodrop,1.00000,-0.01331,0.02988,,,,,,,,,,,,,2.00000,0.19263,eMST,4-6,,1.00000
paired_group,randdrop,nodrop,1.00000,0.02226,0.11120,,,,,,,,,,,,,3.00000,0.54249,eMST,7-10,,1.00000
paired_group,fixed,nodrop,0.00000,0.02349,0.04508,,,,,,,,,,,,,6.00000,0.13374,eFST,I-II,,1.00000
paired_group,fixed,nodrop,0.00000,0.00054,0.03134,,,,,,,,,,,,,6.00000,0.95793,eFST,III-IV,,1.00000
paired_group,fixed,nodrop,0.00000,-0.02850,0.06474,,,,,,,,,,,,,1.00000,0.19730,eFST,V-VI,,1.00000
paired_group,fixed,nodrop,0.00000,0.01536,0.02937,,,,,,,,,,,,,6.00000,0.13247,eMST,1-3,,1.00000
paired_group,fixed,nodrop,0.00000,-0.01273,0.02933,,,,,,,,,,,,,3.00000,0.20330,eMST,4-6,,1.00000
paired_group,fixed,nodrop,0.00000,-0.03581,0.05038,,,,,,,,,,,,,1.00000,0.05121,eMST,7-10,,0.61452
paired_group,fixed,nodrop,1.00000,0.01246,0.04762,,,,,,,,,,,,,4.00000,0.42936,eFST,I-II,,1.00000
paired_group,fixed,nodrop,1.00000,0.00189,0.03158,,,,,,,,,,,,,5.00000,0.85377,eFST,III-IV,,1.00000
paired_group,fixed,nodrop,1.00000,-0.06903,0.10481,,,,,,,,,,,,,1.00000,0.06696,eFST,V-VI,,0.66964
paired_group,fixed,nodrop,1.00000,0.00445,0.03602,,,,,,,,,,,,,4.00000,0.70500,eMST,1-3,,1.00000
paired_group,fixed,nodrop,1.00000,-0.02241,0.03236,,,,,,,,,,,,,1.00000,0.05619,eMST,4-6,,0.61807
paired_group,fixed,nodrop,1.00000,-0.01176,0.05953,,,,,,,,,,,,,1.00000,0.54767,eMST,7-10,,1.00000
