backbone,balance,row_type,arm,versus,metric,missing_pct,n_seeds,mean,sd,ci_low,ci_high,seed0,seed1,seed2,seed3,seed4,a_better_seeds,t_test_p,wilcoxon_p,seed0_ci,seed1_ci,seed2_ci,seed3_ci,seed4_ci,scale,group,mean_n_cases,holm_p
efficientnet_b0,weighted_loss,arm,image_only,,macro_f1,0.00000,5,0.53671,0.03798,0.49319,0.57204,0.48740,0.57655,0.51817,0.57323,0.52820,,,,,,,,,,,,
efficientnet_b0,weighted_loss,arm,image_only,,balanced_acc,0.00000,5,0.62393,0.04382,0.58531,0.66067,0.56918,0.63374,0.60165,0.68780,0.62726,,,,,,,,,,,,
efficientnet_b0,weighted_loss,arm,image_only,,accuracy,0.00000,5,0.57049,0.01934,0.54395,0.59629,0.54815,0.57565,0.56089,0.56777,0.60000,,,,,,,,,,,,
efficientnet_b0,weighted_loss,arm,image_only,,ece,0.00000,5,0.07015,0.01186,0.05136,0.08937,0.08405,0.05759,0.07388,0.05801,0.07724,,,,,,,,,,,,
efficientnet_b0,weighted_loss,arm,questionnaire_only,,macro_f1,0.00000,5,0.39001,0.03788,0.34378,0.42752,0.34151,0.41042,0.44184,0.37939,0.37688,,,,,,,,,,,,
efficientnet_b0,weighted_loss,arm,questionnaire_only,,balanced_acc,0.00000,5,0.44310,0.04298,0.38793,0.49411,0.42346,0.47755,0.45769,0.47926,0.37756,,,,,,,,,,,,
efficientnet_b0,weighted_loss,arm,questionnaire_only,,accuracy,0.00000,5,0.47599,0.04797,0.44871,0.50176,0.40741,0.50923,0.53137,0.45788,0.47407,,,,,,,,,,,,
efficientnet_b0,weighted_loss,arm,questionnaire_only,,ece,0.00000,5,0.08323,0.02011,0.06363,0.10366,0.07600,0.08381,0.06737,0.07146,0.11751,,,,,,,,,,,,
efficientnet_b0,weighted_loss,arm,questionnaire_only,,macro_f1,1.00000,5,0.14453,0.03704,0.13781,0.15159,0.11864,0.18488,0.11723,0.11657,0.18531,,,,,,,,,,,,
efficientnet_b0,weighted_loss,arm,fusion_concat,,macro_f1,0.00000,5,0.51554,0.05711,0.46800,0.55132,0.43472,0.59460,0.52086,0.52444,0.50306,,,,,,,,,,,,
efficientnet_b0,weighted_loss,arm,fusion_concat,,balanced_acc,0.00000,5,0.59488,0.03798,0.55035,0.63684,0.58086,0.65986,0.57842,0.56207,0.59320,,,,,,,,,,,,
efficientnet_b0,weighted_loss,arm,fusion_concat,,accuracy,0.00000,5,0.54683,0.06128,0.52018,0.57404,0.45185,0.58672,0.53137,0.55311,0.61111,,,,,,,,,,,,
efficientnet_b0,weighted_loss,arm,fusion_concat,,ece,0.00000,5,0.08795,0.05554,0.06740,0.10976,0.04153,0.09418,0.06696,0.05597,0.18112,,,,,,,,,,,,
efficientnet_b0,weighted_loss,arm,fusion_concat,,macro_f1,1.00000,5,0.50584,0.05980,0.46086,0.54001,0.40939,0.55962,0.52350,0.54560,0.49111,,,,,,,,,,,,
efficientnet_b0,weighted_loss,arm,fusion_gated,,macro_f1,0.00000,5,0.51354,0.03959,0.46390,0.55004,0.49392,0.58158,0.50086,0.51078,0.48056,,,,,,,,,,,,
efficientnet_b0,weighted_loss,arm,fusion_gated,,balanced_acc,0.00000,5,0.58159,0.06473,0.53448,0.62851,0.61259,0.67823,0.53178,0.52088,0.56446,,,,,,,,,,,,
efficientnet_b0,weighted_loss,arm,fusion_gated,,accuracy,0.00000,5,0.56678,0.02739,0.54085,0.59335,0.54074,0.61255,0.56827,0.55678,0.55556,,,,,,,,,,,,
efficientnet_b0,weighted_loss,arm,fusion_gated,,ece,0.00000,5,0.08822,0.02076,0.06694,0.10990,0.07110,0.11304,0.09332,0.10063,0.06302,,,,,,,,,,,,
efficientnet_b0,weighted_loss,arm,fusion_gated,,macro_f1,1.00000,5,0.52076,0.04343,0.47320,0.55583,0.48784,0.57976,0.50610,0.55178,0.47830,,,,,,,,,,,,
efficientnet_b0,weighted_loss,arm,fusion_film,,macro_f1,0.00000,5,0.54439,0.04335,0.49747,0.57946,0.53277,0.59438,0.54629,0.56935,0.47915,,,,,,,,,,,,
efficientnet_b0,weighted_loss,arm,fusion_film,,balanced_acc,0.00000,5,0.61078,0.05776,0.56530,0.65370,0.62343,0.69873,0.57247,0.61160,0.54767,,,,,,,,,,,,
efficientnet_b0,weighted_loss,arm,fusion_film,,accuracy,0.00000,5,0.58156,0.03029,0.55577,0.60742,0.58519,0.62362,0.53875,0.57509,0.58519,,,,,,,,,,,,
efficientnet_b0,weighted_loss,arm,fusion_film,,ece,0.00000,5,0.08542,0.02767,0.06677,0.10482,0.05853,0.10672,0.10858,0.05219,0.10107,,,,,,,,,,,,
efficientnet_b0,weighted_loss,arm,fusion_film,,macro_f1,1.00000,5,0.51840,0.04907,0.47264,0.55183,0.49535,0.58873,0.51028,0.53958,0.45807,,,,,,,,,,,,
efficientnet_b0,weighted_loss,arm,fusion_concat_nodrop,,macro_f1,0.00000,5,0.50333,0.04635,0.45605,0.53773,0.43243,0.54362,0.49505,0.54641,0.49914,,,,,,,,,,,,
efficientnet_b0,weighted_loss,arm,fusion_concat_nodrop,,balanced_acc,0.00000,5,0.58179,0.03457,0.53562,0.62295,0.58665,0.60294,0.52194,0.60749,0.58996,,,,,,,,,,,,
efficientnet_b0,weighted_loss,arm,fusion_concat_nodrop,,accuracy,0.00000,5,0.54679,0.06185,0.51949,0.57413,0.44444,0.53506,0.57934,0.57509,0.60000,,,,,,,,,,,,
efficientnet_b0,weighted_loss,arm,fusion_concat_nodrop,,ece,0.00000,5,0.08833,0.04845,0.06864,0.10872,0.05743,0.05966,0.06119,0.09218,0.17116,,,,,,,,,,,,
efficientnet_b0,weighted_loss,arm,fusion_concat_nodrop,,macro_f1,1.00000,5,0.49523,0.04766,0.44846,0.52917,0.42185,0.51951,0.48726,0.55040,0.49710,,,,,,,,,,,,
efficientnet_b0,weighted_loss,arm,ensemble_image_q,,macro_f1,0.00000,5,0.52096,0.03451,0.47050,0.55580,0.48268,0.51955,0.49908,0.57323,0.53027,,,,,,,,,,,,
efficientnet_b0,weighted_loss,arm,ensemble_image_q,,balanced_acc,0.00000,5,0.57383,0.06858,0.52671,0.61641,0.56463,0.53702,0.50764,0.68780,0.57206,,,,,,,,,,,,
efficientnet_b0,weighted_loss,arm,ensemble_image_q,,accuracy,0.00000,5,0.58304,0.02973,0.55715,0.60950,0.54074,0.60517,0.58672,0.56777,0.61481,,,,,,,,,,,,
efficientnet_b0,weighted_loss,arm,ensemble_image_q,,ece,0.00000,5,0.08118,0.02159,0.06216,0.10075,0.07660,0.08942,0.11225,0.05362,0.07403,,,,,,,,,,,,
efficientnet_b0,weighted_loss,arm,ensemble_image_q,,macro_f1,1.00000,5,0.54870,0.04445,0.50566,0.58247,0.48268,0.60151,0.53627,0.57323,0.54979,,,,,,,,,,,,
efficientnet_b0,weighted_loss,paired,fusion_concat,image_only,macro_f1,0.00000,5,-0.02117,0.03114,-0.05133,0.00676,-0.05268,0.01804,0.00268,-0.04879,-0.02513,2.00000,0.20299,0.31250,"[-0.119, 0.013]","[-0.011, 0.050]","[-0.055, 0.062]","[-0.143, 0.024]","[-0.098, 0.049]",,,,
efficientnet_b0,weighted_loss,paired,fusion_concat,questionnaire_only,macro_f1,0.00000,5,0.12553,0.04192,0.07131,0.17831,0.09321,0.18418,0.07902,0.14505,0.12619,5.00000,0.00259,0.06250,"[-0.032, 0.211]","[0.076, 0.300]","[-0.034, 0.197]","[0.030, 0.253]","[0.007, 0.247]",,,,
efficientnet_b0,weighted_loss,paired,fusion_gated,image_only,macro_f1,0.00000,5,-0.02317,0.03103,-0.06014,0.01063,0.00652,0.00502,-0.01731,-0.06245,-0.04763,2.00000,0.17034,0.31250,"[-0.054, 0.068]","[-0.071, 0.078]","[-0.092, 0.048]","[-0.177, 0.034]","[-0.121, 0.022]",,,,
efficientnet_b0,weighted_loss,paired,fusion_gated,questionnaire_only,macro_f1,0.00000,5,0.12353,0.04393,0.07047,0.17483,0.15241,0.17116,0.05902,0.13139,0.10369,5.00000,0.00327,0.06250,"[0.032, 0.267]","[0.065, 0.280]","[-0.050, 0.178]","[-0.003, 0.253]","[-0.013, 0.220]",,,,
efficientnet_b0,weighted_loss,paired,fusion_film,image_only,macro_f1,0.00000,5,0.00768,0.03637,-0.02339,0.03781,0.04537,0.01782,0.02812,-0.00388,-0.04904,3.00000,0.66151,0.81250,"[-0.008, 0.100]","[-0.046, 0.076]","[-0.052, 0.106]","[-0.093, 0.070]","[-0.119, 0.015]",,,,
efficientnet_b0,weighted_loss,paired,fusion_film,questionnaire_only,macro_f1,0.00000,5,0.15438,0.04666,0.10360,0.20453,0.19126,0.18396,0.10445,0.18996,0.10227,5.00000,0.00178,0.06250,"[0.064, 0.309]","[0.086, 0.288]","[-0.001, 0.224]","[0.091, 0.285]","[-0.014, 0.221]",,,,
efficientnet_b0,weighted_loss,paired,fusion_concat_nodrop,image_only,macro_f1,0.00000,5,-0.03338,0.01258,-0.06731,-0.00201,-0.05498,-0.03293,-0.02313,-0.02681,-0.02906,0.00000,0.00405,0.06250,"[-0.122, 0.013]","[-0.079, 0.011]","[-0.121, 0.065]","[-0.107, 0.036]","[-0.103, 0.042]",,,,
efficientnet_b0,weighted_loss,paired,fusion_concat_nodrop,questionnaire_only,macro_f1,0.00000,5,0.11332,0.04323,0.06289,0.16451,0.09092,0.13321,0.05321,0.16702,0.12226,5.00000,0.00423,0.06250,"[-0.032, 0.207]","[0.026, 0.244]","[-0.047, 0.161]","[0.069, 0.262]","[0.001, 0.241]",,,,
efficientnet_b0,weighted_loss,paired,ensemble_image_q,image_only,macro_f1,0.00000,5,-0.01575,0.02450,-0.05326,0.01752,-0.00472,-0.05700,-0.01910,0.00000,0.00208,1.00000,0.22397,0.25000,"[-0.013, 0.000]","[-0.187, 0.058]","[-0.121, 0.073]","[0.000, 0.000]","[-0.073, 0.073]",,,,
efficientnet_b0,weighted_loss,paired,ensemble_image_q,questionnaire_only,macro_f1,0.00000,5,0.13095,0.05117,0.08556,0.17653,0.14118,0.10913,0.05724,0.19383,0.15339,5.00000,0.00461,0.06250,"[0.011, 0.257]","[0.048, 0.181]","[-0.038, 0.163]","[0.098, 0.290]","[0.046, 0.258]",,,,
efficientnet_b0,weighted_loss,paired,image_only,questionnaire_only,macro_f1,0.00000,5,0.14670,0.04351,0.09626,0.19894,0.14590,0.16614,0.07634,0.19383,0.15132,5.00000,0.00166,0.06250,"[0.019, 0.264]","[0.056, 0.280]","[-0.039, 0.198]","[0.098, 0.290]","[0.033, 0.275]",,,,
efficientnet_b0,weighted_loss,paired,fusion_gated,fusion_concat,macro_f1,0.00000,5,-0.00199,0.03445,-0.03491,0.02706,0.05920,-0.01302,-0.01999,-0.01366,-0.02250,1.00000,0.90325,0.62500,"[0.002, 0.119]","[-0.089, 0.057]","[-0.101, 0.054]","[-0.095, 0.047]","[-0.082, 0.037]",,,,
efficientnet_b0,weighted_loss,paired,fusion_film,fusion_concat,macro_f1,0.00000,5,0.02885,0.04660,-0.00153,0.06025,0.09805,-0.00022,0.02543,0.04491,-0.02391,3.00000,0.23846,0.31250,"[0.040, 0.160]","[-0.065, 0.059]","[-0.052, 0.099]","[-0.031, 0.128]","[-0.095, 0.043]",,,,
efficientnet_b0,weighted_loss,paired,fusion_concat_nodrop,fusion_concat,macro_f1,0.00000,5,-0.01221,0.02749,-0.03621,0.01113,-0.00229,-0.05097,-0.02581,0.02197,-0.00393,1.00000,0.37701,0.31250,"[-0.014, 0.012]","[-0.094, -0.011]","[-0.119, 0.053]","[-0.045, 0.093]","[-0.016, 0.007]",,,,
efficientnet_b0,weighted_loss,paired,ensemble_image_q,fusion_concat,macro_f1,0.00000,5,0.00543,0.05334,-0.03698,0.04681,0.04796,-0.07505,-0.02178,0.04879,0.02721,3.00000,0.83121,0.81250,"[-0.018, 0.115]","[-0.204, 0.043]","[-0.130, 0.086]","[-0.024, 0.143]","[-0.049, 0.110]",,,,
efficientnet_b0,weighted_loss,arm_group,image_only,,macro_f1,0.00000,5,0.53828,0.02744,0.47859,0.57758,,,,,,,,,,,,,,eFST,I-II,117.20000,
efficientnet_b0,weighted_loss,arm_group,image_only,,macro_f1,0.00000,5,0.54214,0.08253,0.48398,0.59466,,,,,,,,,,,,,,eFST,III-IV,120.40000,
efficientnet_b0,weighted_loss,arm_group,image_only,,macro_f1,0.00000,5,0.48988,0.17486,0.42072,0.61018,,,,,,,,,,,,,,eFST,V-VI,22.60000,
efficientnet_b0,weighted_loss,arm_group,image_only,,macro_f1,0.00000,5,0.55765,0.04485,0.50870,0.59283,,,,,,,,,,,,,,eMST,1-3,184.20000,
efficientnet_b0,weighted_loss,arm_group,image_only,,macro_f1,0.00000,5,0.44435,0.08076,0.39605,0.52363,,,,,,,,,,,,,,eMST,4-6,74.00000,
efficientnet_b0,weighted_loss,arm_group,image_only,,macro_f1,0.00000,5,0.64156,0.11446,0.51569,0.77858,,,,,,,,,,,,,,eMST,7-10,12.00000,
efficientnet_b0,weighted_loss,arm_class,image_only,,f1,0.00000,5,0.33690,0.07213,0.27177,0.39719,,,,,,,,,,,,,,class,acne,22.60000,
efficientnet_b0,weighted_loss,arm_class,image_only,,f1,0.00000,5,0.69104,0.02148,0.66313,0.71645,,,,,,,,,,,,,,class,eczema_dermatitis,159.00000,
efficientnet_b0,weighted_loss,arm_class,image_only,,f1,0.00000,5,0.43697,0.02806,0.39180,0.47456,,,,,,,,,,,,,,class,normal_other,83.20000,
efficientnet_b0,weighted_loss,arm_class,image_only,,f1,0.00000,5,0.68193,0.11043,0.54438,0.78570,,,,,,,,,,,,,,class,redness_rosacea,6.20000,
efficientnet_b0,weighted_loss,arm_group,questionnaire_only,,macro_f1,0.00000,5,0.40053,0.04476,0.33767,0.44740,,,,,,,,,,,,,,eFST,I-II,117.20000,
efficientnet_b0,weighted_loss,arm_group,questionnaire_only,,macro_f1,0.00000,5,0.34174,0.09992,0.29259,0.40552,,,,,,,,,,,,,,eFST,III-IV,120.40000,
efficientnet_b0,weighted_loss,arm_group,questionnaire_only,,macro_f1,0.00000,5,0.47519,0.13077,0.39041,0.57240,,,,,,,,,,,,,,eFST,V-VI,22.60000,
efficientnet_b0,weighted_loss,arm_group,questionnaire_only,,macro_f1,0.00000,5,0.37804,0.01815,0.32491,0.41624,,,,,,,,,,,,,,eMST,1-3,184.20000,
efficientnet_b0,weighted_loss,arm_group,questionnaire_only,,macro_f1,0.00000,5,0.41808,0.10593,0.36665,0.50218,,,,,,,,,,,,,,eMST,4-6,74.00000,
efficientnet_b0,weighted_loss,arm_group,questionnaire_only,,macro_f1,0.00000,5,0.46004,0.09828,0.32618,0.60135,,,,,,,,,,,,,,eMST,7-10,12.00000,
efficientnet_b0,weighted_loss,arm_class,questionnaire_only,,f1,0.00000,5,0.21825,0.10572,0.15557,0.27656,,,,,,,,,,,,,,class,acne,22.60000,
efficientnet_b0,weighted_loss,arm_class,questionnaire_only,,f1,0.00000,5,0.56917,0.05086,0.53585,0.59938,,,,,,,,,,,,,,class,eczema_dermatitis,159.00000,
efficientnet_b0,weighted_loss,arm_class,questionnaire_only,,f1,0.00000,5,0.42913,0.04873,0.38879,0.46660,,,,,,,,,,,,,,class,normal_other,83.20000,
efficientnet_b0,weighted_loss,arm_class,questionnaire_only,,f1,0.00000,5,0.34347,0.11226,0.20057,0.46283,,,,,,,,,,,,,,class,redness_rosacea,6.20000,
efficientnet_b0,weighted_loss,arm_group,fusion_concat,,macro_f1,0.00000,5,0.53984,0.05593,0.47630,0.58144,,,,,,,,,,,,,,eFST,I-II,117.20000,
efficientnet_b0,weighted_loss,arm_group,fusion_concat,,macro_f1,0.00000,5,0.50945,0.07445,0.43547,0.56314,,,,,,,,,,,,,,eFST,III-IV,120.40000,
efficientnet_b0,weighted_loss,arm_group,fusion_concat,,macro_f1,0.00000,5,0.44473,0.08512,0.36361,0.54967,,,,,,,,,,,,,,eFST,V-VI,22.60000,
efficientnet_b0,weighted_loss,arm_group,fusion_concat,,macro_f1,0.00000,5,0.54056,0.06063,0.48651,0.57675,,,,,,,,,,,,,,eMST,1-3,184.20000,
efficientnet_b0,weighted_loss,arm_group,fusion_concat,,macro_f1,0.00000,5,0.42859,0.06129,0.36632,0.50927,,,,,,,,,,,,,,eMST,4-6,74.00000,
efficientnet_b0,weighted_loss,arm_group,fusion_concat,,macro_f1,0.00000,5,0.57614,0.13313,0.45032,0.70643,,,,,,,,,,,,,,eMST,7-10,12.00000,
efficientnet_b0,weighted_loss,arm_class,fusion_concat,,f1,0.00000,5,0.35218,0.06366,0.28220,0.41523,,,,,,,,,,,,,,class,acne,22.60000,
efficientnet_b0,weighted_loss,arm_class,fusion_concat,,f1,0.00000,5,0.64561,0.08850,0.61473,0.67405,,,,,,,,,,,,,,class,eczema_dermatitis,159.00000,
efficientnet_b0,weighted_loss,arm_class,fusion_concat,,f1,0.00000,5,0.42909,0.05385,0.38486,0.46971,,,,,,,,,,,,,,class,normal_other,83.20000,
efficientnet_b0,weighted_loss,arm_class,fusion_concat,,f1,0.00000,5,0.63527,0.13766,0.49521,0.73563,,,,,,,,,,,,,,class,redness_rosacea,6.20000,
efficientnet_b0,weighted_loss,arm_group,fusion_gated,,macro_f1,0.00000,5,0.51838,0.05295,0.44601,0.56295,,,,,,,,,,,,,,eFST,I-II,117.20000,
efficientnet_b0,weighted_loss,arm_group,fusion_gated,,macro_f1,0.00000,5,0.49184,0.06622,0.42639,0.55083,,,,,,,,,,,,,,eFST,III-IV,120.40000,
efficientnet_b0,weighted_loss,arm_group,fusion_gated,,macro_f1,0.00000,5,0.49867,0.07978,0.41646,0.61659,,,,,,,,,,,,,,eFST,V-VI,22.60000,
efficientnet_b0,weighted_loss,arm_group,fusion_gated,,macro_f1,0.00000,5,0.52139,0.03963,0.45928,0.55982,,,,,,,,,,,,,,eMST,1-3,184.20000,
efficientnet_b0,weighted_loss,arm_group,fusion_gated,,macro_f1,0.00000,5,0.48060,0.06851,0.41118,0.54866,,,,,,,,,,,,,,eMST,4-6,74.00000,
efficientnet_b0,weighted_loss,arm_group,fusion_gated,,macro_f1,0.00000,5,0.66026,0.21919,0.54532,0.78454,,,,,,,,,,,,,,eMST,7-10,12.00000,
efficientnet_b0,weighted_loss,arm_class,fusion_gated,,f1,0.00000,5,0.33419,0.04852,0.26686,0.39666,,,,,,,,,,,,,,class,acne,22.60000,
efficientnet_b0,weighted_loss,arm_class,fusion_gated,,f1,0.00000,5,0.68637,0.03337,0.65841,0.71168,,,,,,,,,,,,,,class,eczema_dermatitis,159.00000,
efficientnet_b0,weighted_loss,arm_class,fusion_gated,,f1,0.00000,5,0.43279,0.03092,0.38820,0.47347,,,,,,,,,,,,,,class,normal_other,83.20000,
efficientnet_b0,weighted_loss,arm_class,fusion_gated,,f1,0.00000,5,0.60082,0.10921,0.43833,0.71033,,,,,,,,,,,,,,class,redness_rosacea,6.20000,
efficientnet_b0,weighted_loss,arm_group,fusion_film,,macro_f1,0.00000,5,0.53905,0.04767,0.46707,0.58145,,,,,,,,,,,,,,eFST,I-II,117.20000,
efficientnet_b0,weighted_loss,arm_group,fusion_film,,macro_f1,0.00000,5,0.54869,0.07207,0.48946,0.59931,,,,,,,,,,,,,,eFST,III-IV,120.40000,
efficientnet_b0,weighted_loss,arm_group,fusion_film,,macro_f1,0.00000,5,0.58202,0.15152,0.47515,0.67096,,,,,,,,,,,,,,eFST,V-VI,22.60000,
efficientnet_b0,weighted_loss,arm_group,fusion_film,,macro_f1,0.00000,5,0.54676,0.05505,0.49287,0.58549,,,,,,,,,,,,,,eMST,1-3,184.20000,
efficientnet_b0,weighted_loss,arm_group,fusion_film,,macro_f1,0.00000,5,0.53200,0.09025,0.45899,0.59907,,,,,,,,,,,,,,eMST,4-6,74.00000,
efficientnet_b0,weighted_loss,arm_group,fusion_film,,macro_f1,0.00000,5,0.62580,0.25991,0.51717,0.74796,,,,,,,,,,,,,,eMST,7-10,12.00000,
efficientnet_b0,weighted_loss,arm_class,fusion_film,,f1,0.00000,5,0.37331,0.06423,0.30326,0.43783,,,,,,,,,,,,,,class,acne,22.60000,
efficientnet_b0,weighted_loss,arm_class,fusion_film,,f1,0.00000,5,0.69733,0.03968,0.67013,0.72207,,,,,,,,,,,,,,class,eczema_dermatitis,159.00000,
efficientnet_b0,weighted_loss,arm_class,fusion_film,,f1,0.00000,5,0.44046,0.01363,0.39454,0.48143,,,,,,,,,,,,,,class,normal_other,83.20000,
efficientnet_b0,weighted_loss,arm_class,fusion_film,,f1,0.00000,5,0.66646,0.13232,0.51735,0.76962,,,,,,,,,,,,,,class,redness_rosacea,6.20000,
efficientnet_b0,weighted_loss,arm_group,fusion_concat_nodrop,,macro_f1,0.00000,5,0.50576,0.03433,0.43867,0.54906,,,,,,,,,,,,,,eFST,I-II,117.20000,
efficientnet_b0,weighted_loss,arm_group,fusion_concat_nodrop,,macro_f1,0.00000,5,0.51044,0.08812,0.45054,0.56616,,,,,,,,,,,,,,eFST,III-IV,120.40000,
efficientnet_b0,weighted_loss,arm_group,fusion_concat_nodrop,,macro_f1,0.00000,5,0.48867,0.12792,0.40333,0.59026,,,,,,,,,,,,,,eFST,V-VI,22.60000,
efficientnet_b0,weighted_loss,arm_group,fusion_concat_nodrop,,macro_f1,0.00000,5,0.51495,0.03817,0.46169,0.55354,,,,,,,,,,,,,,eMST,1-3,184.20000,
efficientnet_b0,weighted_loss,arm_group,fusion_concat_nodrop,,macro_f1,0.00000,5,0.44494,0.10161,0.39167,0.52132,,,,,,,,,,,,,,eMST,4-6,74.00000,
efficientnet_b0,weighted_loss,arm_group,fusion_concat_nodrop,,macro_f1,0.00000,5,0.63048,0.14734,0.50798,0.76030,,,,,,,,,,,,,,eMST,7-10,12.00000,
efficientnet_b0,weighted_loss,arm_class,fusion_concat_nodrop,,f1,0.00000,5,0.32316,0.05845,0.24980,0.38652,,,,,,,,,,,,,,class,acne,22.60000,
efficientnet_b0,weighted_loss,arm_class,fusion_concat_nodrop,,f1,0.00000,5,0.65504,0.09433,0.62558,0.68397,,,,,,,,,,,,,,class,eczema_dermatitis,159.00000,
efficientnet_b0,weighted_loss,arm_class,fusion_concat_nodrop,,f1,0.00000,5,0.42411,0.05435,0.38054,0.46540,,,,,,,,,,,,,,class,normal_other,83.20000,
efficientnet_b0,weighted_loss,arm_class,fusion_concat_nodrop,,f1,0.00000,5,0.61101,0.14040,0.46219,0.71736,,,,,,,,,,,,,,class,redness_rosacea,6.20000,
efficientnet_b0,weighted_loss,arm_group,ensemble_image_q,,macro_f1,0.00000,5,0.53283,0.03317,0.46670,0.57522,,,,,,,,,,,,,,eFST,I-II,117.20000,
efficientnet_b0,weighted_loss,arm_group,ensemble_image_q,,macro_f1,0.00000,5,0.48843,0.12110,0.41996,0.54896,,,,,,,,,,,,,,eFST,III-IV,120.40000,
efficientnet_b0,weighted_loss,arm_group,ensemble_image_q,,macro_f1,0.00000,5,0.53400,0.16719,0.46211,0.65667,,,,,,,,,,,,,,eFST,V-VI,22.60000,
efficientnet_b0,weighted_loss,arm_group,ensemble_image_q,,macro_f1,0.00000,5,0.53095,0.03666,0.47451,0.56937,,,,,,,,,,,,,,eMST,1-3,184.20000,
efficientnet_b0,weighted_loss,arm_group,ensemble_image_q,,macro_f1,0.00000,5,0.48678,0.08243,0.42034,0.55556,,,,,,,,,,,,,,eMST,4-6,74.00000,
efficientnet_b0,weighted_loss,arm_group,ensemble_image_q,,macro_f1,0.00000,5,0.66091,0.14149,0.53812,0.79394,,,,,,,,,,,,,,eMST,7-10,12.00000,
efficientnet_b0,weighted_loss,arm_class,ensemble_image_q,,f1,0.00000,5,0.30649,0.11909,0.23664,0.36775,,,,,,,,,,,,,,class,acne,22.60000,
efficientnet_b0,weighted_loss,arm_class,ensemble_image_q,,f1,0.00000,5,0.70035,0.02871,0.67171,0.72522,,,,,,,,,,,,,,class,eczema_dermatitis,159.00000,
efficientnet_b0,weighted_loss,arm_class,ensemble_image_q,,f1,0.00000,5,0.45864,0.03054,0.41527,0.49896,,,,,,,,,,,,,,class,normal_other,83.20000,
efficientnet_b0,weighted_loss,arm_class,ensemble_image_q,,f1,0.00000,5,0.61836,0.11465,0.45500,0.73685,,,,,,,,,,,,,,class,redness_rosacea,6.20000,
efficientnet_b0,weighted_loss,paired_group,questionnaire_only,image_only,macro_f1,0.00000,5,-0.13775,0.04345,-0.20908,-0.06558,,,,,,0.00000,0.00209,,,,,,,eFST,I-II,117.20000,0.01673
efficientnet_b0,weighted_loss,paired_group,questionnaire_only,image_only,macro_f1,0.00000,5,-0.20040,0.09952,-0.27442,-0.11057,,,,,,0.00000,0.01080,,,,,,,eFST,III-IV,120.40000,0.06479
efficientnet_b0,weighted_loss,paired_group,questionnaire_only,image_only,macro_f1,0.00000,5,-0.01469,0.20029,-0.15826,0.10004,,,,,,3.00000,0.87769,,,,,,,eFST,V-VI,22.60000,1.00000
efficientnet_b0,weighted_loss,paired_group,questionnaire_only,image_only,macro_f1,0.00000,5,-0.17961,0.04291,-0.23822,-0.11763,,,,,,0.00000,0.00073,,,,,,,eMST,1-3,184.20000,0.00653
efficientnet_b0,weighted_loss,paired_group,questionnaire_only,image_only,macro_f1,0.00000,5,-0.02626,0.13426,-0.11011,0.05308,,,,,,2.00000,0.68438,,,,,,,eMST,4-6,74.00000,1.00000
efficientnet_b0,weighted_loss,paired_group,questionnaire_only,image_only,macro_f1,0.00000,5,-0.18152,0.11870,-0.34424,-0.02072,,,,,,0.00000,0.02679,,,,,,,eMST,7-10,12.00000,0.13395
efficientnet_b0,weighted_loss,paired_class,questionnaire_only,image_only,f1,0.00000,5,-0.11865,0.14004,-0.20182,-0.03193,,,,,,2.00000,0.13106,,,,,,,class,acne,22.60000,0.52426
efficientnet_b0,weighted_loss,paired_class,questionnaire_only,image_only,f1,0.00000,5,-0.12187,0.04788,-0.16026,-0.08463,,,,,,0.00000,0.00471,,,,,,,class,eczema_dermatitis,159.00000,0.03296
efficientnet_b0,weighted_loss,paired_class,questionnaire_only,image_only,f1,0.00000,5,-0.00783,0.07463,-0.05754,0.04593,,,,,,2.00000,0.82593,,,,,,,class,normal_other,83.20000,1.00000
efficientnet_b0,weighted_loss,paired_class,questionnaire_only,image_only,f1,0.00000,5,-0.33846,0.06724,-0.49469,-0.18221,,,,,,0.00000,0.00035,,,,,,,class,redness_rosacea,6.20000,0.00355
efficientnet_b0,weighted_loss,paired_group,fusion_concat,image_only,macro_f1,0.00000,5,0.00156,0.03999,-0.04197,0.04121,,,,,,2.00000,0.93461,,,,,,,eFST,I-II,117.20000,1.00000
efficientnet_b0,weighted_loss,paired_group,fusion_concat,image_only,macro_f1,0.00000,5,-0.03269,0.04776,-0.09305,0.01422,,,,,,1.00000,0.20058,,,,,,,eFST,III-IV,120.40000,1.00000
efficientnet_b0,weighted_loss,paired_group,fusion_concat,image_only,macro_f1,0.00000,5,-0.04515,0.10335,-0.15234,0.03795,,,,,,2.00000,0.38397,,,,,,,eFST,V-VI,22.60000,1.00000
efficientnet_b0,weighted_loss,paired_group,fusion_concat,image_only,macro_f1,0.00000,5,-0.01709,0.03914,-0.05373,0.01297,,,,,,2.00000,0.38411,,,,,,,eMST,1-3,184.20000,1.00000
efficientnet_b0,weighted_loss,paired_group,fusion_concat,image_only,macro_f1,0.00000,5,-0.01576,0.03091,-0.07817,0.03187,,,,,,1.00000,0.31800,,,,,,,eMST,4-6,74.00000,1.00000
efficientnet_b0,weighted_loss,paired_group,fusion_concat,image_only,macro_f1,0.00000,5,-0.06542,0.10202,-0.16878,0.03436,,,,,,1.00000,0.22490,,,,,,,eMST,7-10,12.00000,1.00000
efficientnet_b0,weighted_loss,paired_class,fusion_concat,image_only,f1,0.00000,5,0.01528,0.04053,-0.03973,0.06873,,,,,,3.00000,0.44685,,,,,,,class,acne,22.60000,1.00000
efficientnet_b0,weighted_loss,paired_class,fusion_concat,image_only,f1,0.00000,5,-0.04543,0.07922,-0.06811,-0.02276,,,,,,1.00000,0.26898,,,,,,,class,eczema_dermatitis,159.00000,1.00000
efficientnet_b0,weighted_loss,paired_class,fusion_concat,image_only,f1,0.00000,5,-0.00788,0.06865,-0.04418,0.02892,,,,,,3.00000,0.81021,,,,,,,class,normal_other,83.20000,1.00000
efficientnet_b0,weighted_loss,paired_class,fusion_concat,image_only,f1,0.00000,5,-0.04666,0.06897,-0.12215,0.01990,,,,,,1.00000,0.20483,,,,,,,class,redness_rosacea,6.20000,1.00000
efficientnet_b0,weighted_loss,paired_group,fusion_gated,image_only,macro_f1,0.00000,5,-0.01990,0.03898,-0.07810,0.03071,,,,,,1.00000,0.31735,,,,,,,eFST,I-II,117.20000,1.00000
efficientnet_b0,weighted_loss,paired_group,fusion_gated,image_only,macro_f1,0.00000,5,-0.05030,0.03247,-0.10542,0.00072,,,,,,0.00000,0.02574,,,,,,,eFST,III-IV,120.40000,0.25740
efficientnet_b0,weighted_loss,paired_group,fusion_gated,image_only,macro_f1,0.00000,5,0.00880,0.15517,-0.09704,0.10901,,,,,,2.00000,0.90526,,,,,,,eFST,V-VI,22.60000,1.00000
efficientnet_b0,weighted_loss,paired_group,fusion_gated,image_only,macro_f1,0.00000,5,-0.03626,0.02368,-0.08536,0.00376,,,,,,0.00000,0.02667,,,,,,,eMST,1-3,184.20000,0.25740
efficientnet_b0,weighted_loss,paired_group,fusion_gated,image_only,macro_f1,0.00000,5,0.03625,0.07347,-0.03797,0.08093,,,,,,3.00000,0.33179,,,,,,,eMST,4-6,74.00000,1.00000
efficientnet_b0,weighted_loss,paired_group,fusion_gated,image_only,macro_f1,0.00000,5,0.01870,0.15563,-0.08940,0.12664,,,,,,3.00000,0.80146,,,,,,,eMST,7-10,12.00000,1.00000
efficientnet_b0,weighted_loss,paired_class,fusion_gated,image_only,f1,0.00000,5,-0.00271,0.06859,-0.05584,0.05077,,,,,,2.00000,0.93373,,,,,,,class,acne,22.60000,1.00000
efficientnet_b0,weighted_loss,paired_class,fusion_gated,image_only,f1,0.00000,5,-0.00468,0.03697,-0.02570,0.01853,,,,,,2.00000,0.79140,,,,,,,class,eczema_dermatitis,159.00000,1.00000
efficientnet_b0,weighted_loss,paired_class,fusion_gated,image_only,f1,0.00000,5,-0.00418,0.04081,-0.04466,0.03795,,,,,,3.00000,0.83025,,,,,,,class,normal_other,83.20000,1.00000
efficientnet_b0,weighted_loss,paired_class,fusion_gated,image_only,f1,0.00000,5,-0.08111,0.07723,-0.19937,0.02162,,,,,,0.00000,0.07866,,,,,,,class,redness_rosacea,6.20000,0.62927
efficientnet_b0,weighted_loss,paired_group,fusion_film,image_only,macro_f1,0.00000,5,0.00077,0.04340,-0.05036,0.04382,,,,,,3.00000,0.97015,,,,,,,eFST,I-II,117.20000,1.00000
efficientnet_b0,weighted_loss,paired_group,fusion_film,image_only,macro_f1,0.00000,5,0.00655,0.04679,-0.03594,0.04658,,,,,,2.00000,0.76980,,,,,,,eFST,III-IV,120.40000,1.00000
efficientnet_b0,weighted_loss,paired_group,fusion_film,image_only,macro_f1,0.00000,5,0.09214,0.26031,-0.06166,0.17264,,,,,,2.00000,0.47293,,,,,,,eFST,V-VI,22.60000,1.00000
efficientnet_b0,weighted_loss,paired_group,fusion_film,image_only,macro_f1,0.00000,5,-0.01089,0.04811,-0.05353,0.02620,,,,,,2.00000,0.63950,,,,,,,eMST,1-3,184.20000,1.00000
efficientnet_b0,weighted_loss,paired_group,fusion_film,image_only,macro_f1,0.00000,5,0.08765,0.06379,0.01844,0.12679,,,,,,5.00000,0.03719,,,,,,,eMST,4-6,74.00000,0.37192
efficientnet_b0,weighted_loss,paired_group,fusion_film,image_only,macro_f1,0.00000,5,-0.01576,0.17846,-0.13426,0.10525,,,,,,2.00000,0.85309,,,,,,,eMST,7-10,12.00000,1.00000
efficientnet_b0,weighted_loss,paired_class,fusion_film,image_only,f1,0.00000,5,0.03641,0.06235,-0.01260,0.08889,,,,,,4.00000,0.26165,,,,,,,class,acne,22.60000,1.00000
efficientnet_b0,weighted_loss,paired_class,fusion_film,image_only,f1,0.00000,5,0.00629,0.04248,-0.01444,0.02903,,,,,,3.00000,0.75727,,,,,,,class,eczema_dermatitis,159.00000,1.00000
efficientnet_b0,weighted_loss,paired_class,fusion_film,image_only,f1,0.00000,5,0.00349,0.02950,-0.03366,0.04290,,,,,,2.00000,0.80453,,,,,,,class,normal_other,83.20000,1.00000
efficientnet_b0,weighted_loss,paired_class,fusion_film,image_only,f1,0.00000,5,-0.01547,0.08620,-0.10851,0.07124,,,,,,2.00000,0.70863,,,,,,,class,redness_rosacea,6.20000,1.00000
efficientnet_b0,weighted_loss,paired_group,fusion_concat_nodrop,image_only,macro_f1,0.00000,5,-0.03252,0.01957,-0.08586,0.01128,,,,,,0.00000,0.02055,,,,,,,eFST,I-II,117.20000,0.20547
efficientnet_b0,weighted_loss,paired_group,fusion_concat_nodrop,image_only,macro_f1,0.00000,5,-0.03170,0.03195,-0.07639,0.01579,,,,,,1.00000,0.09074,,,,,,,eFST,III-IV,120.40000,0.63521
efficientnet_b0,weighted_loss,paired_group,fusion_concat_nodrop,image_only,macro_f1,0.00000,5,-0.00121,0.13989,-0.12259,0.09166,,,,,,3.00000,0.98553,,,,,,,eFST,V-VI,22.60000,1.00000
efficientnet_b0,weighted_loss,paired_group,fusion_concat_nodrop,image_only,macro_f1,0.00000,5,-0.04270,0.02588,-0.08555,-0.00590,,,,,,0.00000,0.02103,,,,,,,eMST,1-3,184.20000,0.20547
efficientnet_b0,weighted_loss,paired_group,fusion_concat_nodrop,image_only,macro_f1,0.00000,5,0.00059,0.02994,-0.05989,0.04936,,,,,,3.00000,0.96698,,,,,,,eMST,4-6,74.00000,1.00000
efficientnet_b0,weighted_loss,paired_group,fusion_concat_nodrop,image_only,macro_f1,0.00000,5,-0.01108,0.11596,-0.13788,0.12879,,,,,,2.00000,0.84121,,,,,,,eMST,7-10,12.00000,1.00000
efficientnet_b0,weighted_loss,paired_class,fusion_concat_nodrop,image_only,f1,0.00000,5,-0.01374,0.05076,-0.07329,0.04582,,,,,,2.00000,0.57758,,,,,,,class,acne,22.60000,1.00000
efficientnet_b0,weighted_loss,paired_class,fusion_concat_nodrop,image_only,f1,0.00000,5,-0.03600,0.08755,-0.06192,-0.00970,,,,,,3.00000,0.40988,,,,,,,class,eczema_dermatitis,159.00000,1.00000
efficientnet_b0,weighted_loss,paired_class,fusion_concat_nodrop,image_only,f1,0.00000,5,-0.01286,0.06524,-0.05685,0.03171,,,,,,3.00000,0.68221,,,,,,,class,normal_other,83.20000,1.00000
efficientnet_b0,weighted_loss,paired_class,fusion_concat_nodrop,image_only,f1,0.00000,5,-0.07092,0.04957,-0.15376,0.00138,,,,,,0.00000,0.03293,,,,,,,class,redness_rosacea,6.20000,0.26348
efficientnet_b0,weighted_loss,paired_group,ensemble_image_q,image_only,macro_f1,0.00000,5,-0.00546,0.00815,-0.05098,0.03341,,,,,,1.00000,0.20879,,,,,,,eFST,I-II,117.20000,1.00000
efficientnet_b0,weighted_loss,paired_group,ensemble_image_q,image_only,macro_f1,0.00000,5,-0.05371,0.11313,-0.11156,0.00877,,,,,,1.00000,0.34829,,,,,,,eFST,III-IV,120.40000,1.00000
efficientnet_b0,weighted_loss,paired_group,ensemble_image_q,image_only,macro_f1,0.00000,5,0.04412,0.05009,-0.00460,0.09570,,,,,,3.00000,0.12018,,,,,,,eFST,V-VI,22.60000,1.00000
efficientnet_b0,weighted_loss,paired_group,ensemble_image_q,image_only,macro_f1,0.00000,5,-0.02669,0.03614,-0.06467,0.00696,,,,,,0.00000,0.17397,,,,,,,eMST,1-3,184.20000,1.00000
efficientnet_b0,weighted_loss,paired_group,ensemble_image_q,image_only,macro_f1,0.00000,5,0.04243,0.04858,-0.01935,0.07676,,,,,,3.00000,0.12254,,,,,,,eMST,4-6,74.00000,1.00000
efficientnet_b0,weighted_loss,paired_group,ensemble_image_q,image_only,macro_f1,0.00000,5,0.01935,0.07206,-0.05366,0.10310,,,,,,2.00000,0.58059,,,,,,,eMST,7-10,12.00000,1.00000
efficientnet_b0,weighted_loss,paired_class,ensemble_image_q,image_only,f1,0.00000,5,-0.03041,0.09870,-0.08012,0.01983,,,,,,2.00000,0.52880,,,,,,,class,acne,22.60000,1.00000
efficientnet_b0,weighted_loss,paired_class,ensemble_image_q,image_only,f1,0.00000,5,0.00931,0.02170,-0.00437,0.02394,,,,,,2.00000,0.39181,,,,,,,class,eczema_dermatitis,159.00000,1.00000
efficientnet_b0,weighted_loss,paired_class,ensemble_image_q,image_only,f1,0.00000,5,0.02167,0.02562,-0.00713,0.05139,,,,,,3.00000,0.13146,,,,,,,class,normal_other,83.20000,1.00000
efficientnet_b0,weighted_loss,paired_class,ensemble_image_q,image_only,f1,0.00000,5,-0.06357,0.07221,-0.17642,0.03704,,,,,,0.00000,0.12038,,,,,,,class,redness_rosacea,6.20000,1.00000
